0,10,1,36272,36272,"[6, 10, 2, 4, 9, 7, 5, 8, 12, 11, 1, 3]","[6, 10, 2, 4, 9, 7, 5, 8, 12, 11, 1, 3]",600000,4.100799560546875e-05,
0,10,2,35776,35776,"[7, 2, 4, 9, 10, 6, 5, 8, 12, 11, 1, 3]","[6, 10, 9, 4, 2, 7, 5, 8, 12, 11, 1, 3]",600000,8.940696716308594e-05,0.9968748933432805
0,10,3,37654,35776,"[7, 2, 9, 4, 10, 6, 5, 8, 12, 11, 1, 3]","[6, 10, 9, 4, 2, 7, 5, 8, 12, 11, 1, 3]",600000,0.00012254714965820312,
0,10,4,37184,35776,"[7, 2, 9, 5, 6, 10, 4, 8, 12, 11, 1, 3]","[6, 10, 9, 4, 2, 7, 5, 8, 12, 11, 1, 3]",600000,0.000156402587890625,0.9982748231646181
0,10,5,38220,35776,"[1, 11, 12, 8, 4, 10, 6, 5, 9, 2, 7, 3]","[6, 10, 9, 4, 2, 7, 5, 8, 12, 11, 1, 3]",600000,0.0001914501190185547,0.9718698979429381
0,10,6,55340,35776,"[1, 11, 12, 8, 4, 10, 6, 5, 7, 2, 9, 3]","[6, 10, 9, 4, 2, 7, 5, 8, 12, 11, 1, 3]",600000,0.0002243518829345703,
0,10,7,55234,35776,"[1, 11, 6, 10, 4, 8, 12, 5, 7, 2, 9, 3]","[6, 10, 9, 4, 2, 7, 5, 8, 12, 11, 1, 3]",600000,0.0002567768096923828,
0,10,8,44072,35776,"[1, 11, 6, 3, 9, 2, 7, 5, 12, 8, 4, 10]","[6, 10, 9, 4, 2, 7, 5, 8, 12, 11, 1, 3]",600000,0.0002903938293457031,0.9878609467123753
0,10,9,51400,35776,"[1, 11, 5, 7, 2, 9, 3, 6, 12, 8, 4, 10]","[6, 10, 9, 4, 2, 7, 5, 8, 12, 11, 1, 3]",600000,0.0003235340118408203,
0,10,10,38846,35776,"[1, 10, 4, 8, 12, 6, 3, 9, 2, 7, 5, 11]","[6, 10, 9, 4, 2, 7, 5, 8, 12, 11, 1, 3]",600000,0.00035691261291503906,0.9959283118919845
0,10,11,41294,35776,"[1, 7, 2, 9, 3, 6, 12, 8, 4, 10, 5, 11]","[6, 10, 9, 4, 2, 7, 5, 8, 12, 11, 1, 3]",600000,0.00039005279541015625,0.9942002173867235
0,10,12,44784,35776,"[1, 11, 5, 10, 4, 8, 12, 6, 3, 9, 2, 7]","[6, 10, 9, 4, 2, 7, 5, 8, 12, 11, 1, 3]",600000,0.00042247772216796875,
0,10,13,35370,35370,"[1, 11, 3, 6, 12, 8, 4, 10, 5, 9, 2, 7]","[1, 11, 5, 10, 4, 8, 12, 6, 3, 9, 2, 7]",600000,0.0004563331604003906,0.9813232791029134
0,10,14,46682,35370,"[1, 11, 3, 6, 2, 9, 5, 10, 4, 8, 12, 7]","[1, 11, 5, 10, 4, 8, 12, 6, 3, 9, 2, 7]",600000,0.00048804283142089844,
0,10,15,38554,35370,"[8, 4, 10, 5, 9, 2, 6, 3, 11, 1, 12, 7]","[1, 11, 5, 10, 4, 8, 12, 6, 3, 9, 2, 7]",600000,0.0005209445953369141,
0,10,16,35714,35370,"[8, 11, 3, 6, 2, 9, 5, 10, 4, 1, 12, 7]","[1, 11, 5, 10, 4, 8, 12, 6, 3, 9, 2, 7]",600000,0.0005536079406738281,
0,10,17,31528,31528,"[8, 2, 6, 3, 11, 9, 5, 10, 4, 1, 12, 7]","[8, 11, 3, 6, 2, 9, 5, 10, 4, 1, 12, 7]",600000,0.00058746337890625,0.9866104483293785
0,10,18,39616,31528,"[8, 2, 6, 3, 11, 9, 5, 10, 7, 12, 1, 4]","[8, 11, 3, 6, 2, 9, 5, 10, 4, 1, 12, 7]",600000,0.0006206035614013672,0.9761880860681994
0,10,19,54076,31528,"[8, 2, 6, 3, 11, 1, 12, 7, 10, 5, 9, 4]","[8, 11, 3, 6, 2, 9, 5, 10, 4, 1, 12, 7]",600000,0.0006530284881591797,
0,10,20,42230,31528,"[8, 2, 6, 10, 7, 12, 1, 11, 3, 5, 9, 4]","[8, 11, 3, 6, 2, 9, 5, 10, 4, 1, 12, 7]",600000,0.0006861686706542969,0.995593072462118
0,10,21,44880,31528,"[8, 2, 6, 10, 7, 12, 5, 3, 11, 1, 9, 4]","[8, 11, 3, 6, 2, 9, 5, 10, 4, 1, 12, 7]",600000,0.0007190704345703125,0.9911923499484545
0,10,22,50188,31528,"[8, 2, 6, 10, 7, 12, 4, 9, 1, 11, 3, 5]","[8, 11, 3, 6, 2, 9, 5, 10, 4, 1, 12, 7]",600000,0.0007510185241699219,
0,10,23,42186,31528,"[8, 3, 11, 1, 9, 4, 12, 7, 10, 6, 2, 5]","[8, 11, 3, 6, 2, 9, 5, 10, 4, 1, 12, 7]",600000,0.0007846355438232422,0.9874428407502731
0,10,24,49768,31528,"[10, 7, 12, 4, 9, 1, 11, 3, 8, 6, 2, 5]","[8, 11, 3, 6, 2, 9, 5, 10, 4, 1, 12, 7]",600000,0.0008170604705810547,
0,10,25,43900,31528,"[10, 7, 12, 4, 9, 6, 8, 3, 11, 1, 2, 5]","[8, 11, 3, 6, 2, 9, 5, 10, 4, 1, 12, 7]",600000,0.000850677490234375,0.9836353793906724
0,10,26,53800,31528,"[10, 7, 12, 4, 6, 9, 8, 3, 11, 1, 2, 5]","[8, 11, 3, 6, 2, 9, 5, 10, 4, 1, 12, 7]",600000,0.0008833408355712891,
0,10,27,42282,31528,"[10, 7, 12, 3, 8, 9, 6, 4, 11, 1, 2, 5]","[8, 11, 3, 6, 2, 9, 5, 10, 4, 1, 12, 7]",600000,0.00091552734375,
0,10,28,32204,31528,"[2, 1, 11, 4, 6, 9, 8, 3, 12, 7, 10, 5]","[8, 11, 3, 6, 2, 9, 5, 10, 4, 1, 12, 7]",600000,0.0009486675262451172,0.9746176877594872
0,10,29,47630,31528,"[2, 1, 11, 10, 7, 12, 3, 8, 9, 6, 4, 5]","[8, 11, 3, 6, 2, 9, 5, 10, 4, 1, 12, 7]",600000,0.000982046127319336,0.9957590184693116
0,10,30,50180,31528,"[2, 1, 11, 10, 7, 12, 5, 4, 6, 9, 8, 3]","[8, 11, 3, 6, 2, 9, 5, 10, 4, 1, 12, 7]",600000,0.0010139942169189453,
0,10,31,47288,31528,"[9, 6, 4, 5, 12, 7, 10, 11, 1, 2, 8, 3]","[8, 11, 3, 6, 2, 9, 5, 10, 4, 1, 12, 7]",600000,0.001047372817993164,0.9822363342573175
0,10,32,58042,31528,"[9, 6, 4, 5, 12, 7, 10, 2, 1, 11, 8, 3]","[8, 11, 3, 6, 2, 9, 5, 10, 4, 1, 12, 7]",600000,0.0010793209075927734,
0,10,33,55580,31528,"[9, 6, 4, 5, 12, 7, 8, 11, 1, 2, 10, 3]","[8, 11, 3, 6, 2, 9, 5, 10, 4, 1, 12, 7]",600000,0.0011126995086669922,0.9982348929703008
0,10,34,56640,31528,"[9, 10, 2, 1, 11, 8, 7, 12, 5, 4, 6, 3]","[8, 11, 3, 6, 2, 9, 5, 10, 4, 1, 12, 7]",600000,0.0011446475982666016,
0,10,35,45676,31528,"[9, 10, 2, 4, 5, 12, 7, 8, 11, 1, 6, 3]","[8, 11, 3, 6, 2, 9, 5, 10, 4, 1, 12, 7]",600000,0.0011775493621826172,0.9924718131562276
0,10,36,50210,31528,"[9, 10, 2, 4, 11, 8, 7, 12, 5, 1, 6, 3]","[8, 11, 3, 6, 2, 9, 5, 10, 4, 1, 12, 7]",600000,0.0012102127075195312,
0,10,37,48106,31528,"[1, 5, 12, 7, 8, 11, 4, 2, 10, 9, 6, 3]","[8, 11, 3, 6, 2, 9, 5, 10, 4, 1, 12, 7]",600000,0.0012426376342773438,
0,10,38,37408,31528,"[1, 5, 12, 7, 8, 11, 4, 10, 2, 9, 6, 3]","[8, 11, 3, 6, 2, 9, 5, 10, 4, 1, 12, 7]",600000,0.0012760162353515625,0.9877127786832485
0,10,39,44826,31528,"[1, 5, 3, 6, 9, 2, 10, 4, 11, 8, 7, 12]","[8, 11, 3, 6, 2, 9, 5, 10, 4, 1, 12, 7]",600000,0.001321554183959961,0.9774742469182736
0,10,40,58496,31528,"[8, 11, 4, 10, 2, 9, 6, 3, 5, 1, 7, 12]","[8, 11, 3, 6, 2, 9, 5, 10, 4, 1, 12, 7]",600000,0.0013544559478759766,
0,10,41,36760,31528,"[8, 11, 4, 10, 2, 12, 7, 1, 5, 3, 6, 9]","[8, 11, 3, 6, 2, 9, 5, 10, 4, 1, 12, 7]",600000,0.0013871192932128906,
0,10,42,36490,31528,"[8, 11, 10, 4, 2, 12, 7, 1, 5, 3, 6, 9]","[8, 11, 3, 6, 2, 9, 5, 10, 4, 1, 12, 7]",600000,0.0014193058013916016,
0,10,43,35110,31528,"[8, 11, 10, 5, 1, 7, 12, 2, 4, 3, 6, 9]","[8, 11, 3, 6, 2, 9, 5, 10, 4, 1, 12, 7]",600000,0.0014529228210449219,0.9871927202472178
0,10,44,42844,31528,"[8, 11, 10, 5, 1, 7, 6, 3, 4, 2, 12, 9]","[8, 11, 3, 6, 2, 9, 5, 10, 4, 1, 12, 7]",600000,0.0014858245849609375,0.9990038298405911
0,10,45,43442,31528,"[8, 11, 10, 7, 1, 5, 6, 3, 4, 2, 12, 9]","[8, 11, 3, 6, 2, 9, 5, 10, 4, 1, 12, 7]",600000,0.0015187263488769531,
0,10,46,37044,31528,"[8, 4, 3, 6, 5, 1, 7, 10, 11, 2, 12, 9]","[8, 11, 3, 6, 2, 9, 5, 10, 4, 1, 12, 7]",600000,0.0015506744384765625,
0,10,47,35262,31528,"[8, 11, 10, 7, 1, 5, 6, 3, 4, 2, 12, 9]","[8, 11, 3, 6, 2, 9, 5, 10, 4, 1, 12, 7]",600000,0.0015850067138671875,0.9970344060868946
0,10,48,37044,31528,"[4, 3, 6, 5, 1, 7, 10, 11, 8, 2, 12, 9]","[8, 11, 3, 6, 2, 9, 5, 10, 4, 1, 12, 7]",600000,0.0016183853149414062,0.984997016580749
0,10,49,46114,31528,"[4, 3, 6, 5, 1, 7, 10, 9, 12, 2, 8, 11]","[8, 11, 3, 6, 2, 9, 5, 10, 4, 1, 12, 7]",600000,0.0016508102416992188,
0,10,50,42046,31528,"[4, 3, 6, 9, 10, 7, 1, 5, 12, 2, 8, 11]","[8, 11, 3, 6, 2, 9, 5, 10, 4, 1, 12, 7]",600000,0.0016837120056152344,0.980780430423795
0,10,51,53690,31528,"[4, 10, 9, 6, 3, 7, 1, 5, 12, 2, 8, 11]","[8, 11, 3, 6, 2, 9, 5, 10, 4, 1, 12, 7]",600000,0.0017161369323730469,
0,10,52,48054,31528,"[4, 10, 9, 6, 1, 7, 3, 5, 12, 2, 8, 11]","[8, 11, 3, 6, 2, 9, 5, 10, 4, 1, 12, 7]",600000,0.0017480850219726562,
0,10,53,47964,31528,"[4, 1, 6, 9, 10, 7, 3, 5, 12, 2, 8, 11]","[8, 11, 3, 6, 2, 9, 5, 10, 4, 1, 12, 7]",600000,0.0017805099487304688,
0,10,54,47266,31528,"[4, 1, 6, 11, 8, 2, 12, 5, 3, 7, 10, 9]","[8, 11, 3, 6, 2, 9, 5, 10, 4, 1, 12, 7]",600000,0.0018126964569091797,
0,10,55,28874,28874,"[7, 3, 5, 12, 2, 8, 11, 6, 1, 4, 10, 9]","[4, 1, 6, 11, 8, 2, 12, 5, 3, 7, 10, 9]",600000,0.0018463134765625,0.9901026378150639
0,10,56,34842,28874,"[4, 1, 6, 11, 8, 2, 12, 5, 3, 7, 10, 9]","[4, 1, 6, 11, 8, 2, 12, 5, 3, 7, 10, 9]",600000,0.001878499984741211,
0,10,57,28874,28874,"[4, 1, 6, 9, 10, 7, 3, 5, 12, 2, 8, 11]","[4, 1, 6, 11, 8, 2, 12, 5, 3, 7, 10, 9]",600000,0.0019118785858154297,0.9698117162028012
0,10,58,47266,28874,"[4, 1, 6, 9, 10, 5, 3, 7, 12, 2, 8, 11]","[4, 1, 6, 11, 8, 2, 12, 5, 3, 7, 10, 9]",600000,0.0019440650939941406,
0,10,59,45648,28874,"[4, 11, 8, 2, 12, 7, 3, 5, 10, 9, 6, 1]","[4, 1, 6, 11, 8, 2, 12, 5, 3, 7, 10, 9]",600000,0.0019791126251220703,0.976741416079001
0,10,60,59768,28874,"[4, 1, 6, 9, 10, 5, 3, 7, 12, 2, 8, 11]","[4, 1, 6, 11, 8, 2, 12, 5, 3, 7, 10, 9]",600000,0.0020139217376708984,
0,10,61,45648,28874,"[4, 1, 5, 10, 9, 6, 3, 7, 12, 2, 8, 11]","[4, 1, 6, 11, 8, 2, 12, 5, 3, 7, 10, 9]",600000,0.002046823501586914,
0,10,62,41596,28874,"[4, 1, 5, 10, 2, 12, 7, 3, 6, 9, 8, 11]","[4, 1, 6, 11, 8, 2, 12, 5, 3, 7, 10, 9]",600000,0.002080202102661133,0.9886416652034782
0,10,63,48450,28874,"[10, 5, 1, 4, 2, 12, 7, 3, 6, 9, 8, 11]","[4, 1, 6, 11, 8, 2, 12, 5, 3, 7, 10, 9]",600000,0.002112865447998047,
0,10,64,44176,28874,"[10, 5, 1, 9, 6, 3, 7, 12, 2, 4, 8, 11]","[4, 1, 6, 11, 8, 2, 12, 5, 3, 7, 10, 9]",600000,0.002145051956176758,
0,10,65,42098,28874,"[10, 5, 1, 11, 8, 4, 2, 12, 7, 3, 6, 9]","[4, 1, 6, 11, 8, 2, 12, 5, 3, 7, 10, 9]",600000,0.002177715301513672,0.9842651075249906
0,10,66,51614,28874,"[10, 5, 1, 3, 7, 12, 2, 4, 8, 11, 6, 9]","[4, 1, 6, 11, 8, 2, 12, 5, 3, 7, 10, 9]",600000,0.002209901809692383,
0,10,67,42344,28874,"[10, 5, 6, 11, 8, 4, 2, 12, 7, 3, 1, 9]","[4, 1, 6, 11, 8, 2, 12, 5, 3, 7, 10, 9]",600000,0.0022428035736083984,0.9930972673959145
0,10,68,46500,28874,"[11, 6, 5, 10, 8, 4, 2, 12, 7, 3, 1, 9]","[4, 1, 6, 11, 8, 2, 12, 5, 3, 7, 10, 9]",600000,0.002274751663208008,
0,10,69,31650,28874,"[11, 6, 5, 10, 8, 4, 7, 12, 2, 3, 1, 9]","[4, 1, 6, 11, 8, 2, 12, 5, 3, 7, 10, 9]",600000,0.002307415008544922,
0,10,70,28774,28774,"[11, 6, 12, 7, 4, 8, 10, 5, 2, 3, 1, 9]","[11, 6, 5, 10, 8, 4, 7, 12, 2, 3, 1, 9]",600000,0.002340555191040039,0.9902742704800198
0,10,71,34638,28774,"[11, 9, 1, 3, 2, 5, 10, 8, 4, 7, 12, 6]","[11, 6, 5, 10, 8, 4, 7, 12, 2, 3, 1, 9]",600000,0.0023736953735351562,0.9574580859661662
0,10,72,60722,28774,"[11, 9, 6, 12, 7, 4, 8, 10, 5, 2, 3, 1]","[11, 6, 5, 10, 8, 4, 7, 12, 2, 3, 1, 9]",600000,0.0024061203002929688,
0,10,73,35642,28774,"[11, 9, 3, 2, 5, 10, 8, 4, 7, 12, 6, 1]","[11, 6, 5, 10, 8, 4, 7, 12, 2, 3, 1, 9]",600000,0.00244140625,0.9658790432208287
0,10,74,56472,28774,"[11, 9, 1, 6, 12, 7, 4, 8, 10, 5, 2, 3]","[11, 6, 5, 10, 8, 4, 7, 12, 2, 3, 1, 9]",600000,0.0024743080139160156,
0,10,75,26970,26970,"[11, 9, 1, 2, 5, 10, 8, 4, 7, 12, 6, 3]","[11, 9, 1, 6, 12, 7, 4, 8, 10, 5, 2, 3]",600000,0.0025069713592529297,0.958438386242231
0,10,76,52440,26970,"[11, 9, 1, 10, 5, 2, 8, 4, 7, 12, 6, 3]","[11, 9, 1, 6, 12, 7, 4, 8, 10, 5, 2, 3]",600000,0.0025386810302734375,
0,10,77,46960,26970,"[11, 4, 8, 2, 5, 10, 1, 9, 7, 12, 6, 3]","[11, 9, 1, 6, 12, 7, 4, 8, 10, 5, 2, 3]",600000,0.0025708675384521484,
0,10,78,44816,26970,"[11, 4, 3, 6, 12, 7, 9, 1, 10, 5, 2, 8]","[11, 9, 1, 6, 12, 7, 4, 8, 10, 5, 2, 3]",600000,0.0026030540466308594,
0,10,79,44328,26970,"[10, 1, 9, 7, 12, 6, 3, 4, 11, 5, 2, 8]","[11, 9, 1, 6, 12, 7, 4, 8, 10, 5, 2, 3]",600000,0.002635955810546875,0.9835665273239655
0,10,80,54270,26970,"[10, 1, 9, 5, 11, 4, 3, 6, 12, 7, 2, 8]","[11, 9, 1, 6, 12, 7, 4, 8, 10, 5, 2, 3]",600000,0.0026679039001464844,
0,10,81,47308,26970,"[10, 1, 9, 5, 11, 2, 7, 12, 6, 3, 4, 8]","[11, 9, 1, 6, 12, 7, 4, 8, 10, 5, 2, 3]",600000,0.002699613571166992,
0,10,82,38100,26970,"[6, 12, 7, 2, 11, 5, 9, 1, 10, 3, 4, 8]","[11, 9, 1, 6, 12, 7, 4, 8, 10, 5, 2, 3]",600000,0.0027320384979248047,0.9897858556588113
0,10,83,44260,26970,"[6, 12, 7, 4, 3, 10, 1, 9, 5, 11, 2, 8]","[11, 9, 1, 6, 12, 7, 4, 8, 10, 5, 2, 3]",600000,0.002773761749267578,0.9946012923524171
0,10,84,47508,26970,"[6, 12, 7, 11, 5, 9, 1, 10, 3, 4, 2, 8]","[11, 9, 1, 6, 12, 7, 4, 8, 10, 5, 2, 3]",600000,0.0028264522552490234,
0,10,85,36720,26970,"[6, 12, 10, 1, 9, 5, 11, 7, 3, 4, 2, 8]","[11, 9, 1, 6, 12, 7, 4, 8, 10, 5, 2, 3]",600000,0.0028867721557617188,0.9826948181845666
0,10,86,47194,26970,"[6, 12, 10, 8, 2, 4, 3, 7, 11, 5, 9, 1]","[11, 9, 1, 6, 12, 7, 4, 8, 10, 5, 2, 3]",600000,0.002937793731689453,
0,10,87,40926,26970,"[6, 12, 10, 3, 4, 2, 8, 7, 11, 5, 9, 1]","[11, 9, 1, 6, 12, 7, 4, 8, 10, 5, 2, 3]",600000,0.002995014190673828,
0,10,88,27752,26970,"[6, 5, 11, 7, 8, 2, 4, 3, 10, 12, 9, 1]","[11, 9, 1, 6, 12, 7, 4, 8, 10, 5, 2, 3]",600000,0.003050565719604492,0.9402839890518505
0,10,89,64696,26970,"[2, 8, 7, 11, 5, 6, 4, 3, 10, 12, 9, 1]","[11, 9, 1, 6, 12, 7, 4, 8, 10, 5, 2, 3]",600000,0.0031304359436035156,
0,10,90,62888,26970,"[2, 8, 7, 3, 4, 6, 5, 11, 10, 12, 9, 1]","[11, 9, 1, 6, 12, 7, 4, 8, 10, 5, 2, 3]",600000,0.0031931400299072266,
0,10,91,47046,26970,"[2, 9, 12, 10, 11, 5, 6, 4, 3, 7, 8, 1]","[11, 9, 1, 6, 12, 7, 4, 8, 10, 5, 2, 3]",600000,0.003258943557739258,0.9999966666722222
0,10,92,47048,26970,"[2, 9, 12, 10, 11, 5, 3, 4, 6, 7, 8, 1]","[11, 9, 1, 6, 12, 7, 4, 8, 10, 5, 2, 3]",600000,0.0033240318298339844,0.9983713277285029
0,10,93,48026,26970,"[2, 7, 6, 4, 3, 5, 11, 10, 12, 9, 8, 1]","[11, 9, 1, 6, 12, 7, 4, 8, 10, 5, 2, 3]",600000,0.0033867359161376953,
0,10,94,39982,26970,"[2, 7, 6, 4, 3, 5, 10, 11, 12, 9, 8, 1]","[11, 9, 1, 6, 12, 7, 4, 8, 10, 5, 2, 3]",600000,0.003448963165283203,
0,10,95,36262,26970,"[2, 7, 6, 4, 12, 11, 10, 5, 3, 9, 8, 1]","[11, 9, 1, 6, 12, 7, 4, 8, 10, 5, 2, 3]",600000,0.0035126209259033203,0.9767902543707521
0,10,96,50352,26970,"[2, 7, 6, 4, 12, 11, 10, 5, 3, 1, 8, 9]","[11, 9, 1, 6, 12, 7, 4, 8, 10, 5, 2, 3]",600000,0.0035762786865234375,
0,10,97,47088,26970,"[7, 2, 6, 4, 12, 11, 10, 5, 3, 1, 8, 9]","[11, 9, 1, 6, 12, 7, 4, 8, 10, 5, 2, 3]",600000,0.0036346912384033203,0.9910403787728836
0,10,98,52488,26970,"[7, 2, 6, 4, 12, 5, 10, 11, 3, 1, 8, 9]","[11, 9, 1, 6, 12, 7, 4, 8, 10, 5, 2, 3]",600000,0.0036933422088623047,
0,10,99,49792,26970,"[1, 3, 11, 10, 5, 12, 4, 6, 2, 7, 8, 9]","[11, 9, 1, 6, 12, 7, 4, 8, 10, 5, 2, 3]",600000,0.003748655319213867,0.9884900851029184
0,10,100,56738,26970,"[1, 5, 10, 11, 3, 12, 4, 6, 2, 7, 8, 9]","[11, 9, 1, 6, 12, 7, 4, 8, 10, 5, 2, 3]",600000,0.0037839412689208984,0.9930244429332351
0,10,101,60938,26970,"[1, 12, 3, 11, 10, 5, 4, 6, 2, 7, 8, 9]","[11, 9, 1, 6, 12, 7, 4, 8, 10, 5, 2, 3]",600000,3.3855438232421875e-05,0.993148785998323
0,10,102,65056,26970,"[1, 12, 3, 11, 10, 2, 6, 4, 5, 7, 8, 9]","[11, 9, 1, 6, 12, 7, 4, 8, 10, 5, 2, 3]",599000,6.580352783203125e-05,
0,10,103,47094,26970,"[1, 8, 7, 5, 4, 6, 2, 10, 11, 3, 12, 9]","[11, 9, 1, 6, 12, 7, 4, 8, 10, 5, 2, 3]",599000,9.822845458984375e-05,
0,10,104,40704,26970,"[1, 8, 7, 5, 4, 6, 3, 11, 10, 2, 12, 9]","[11, 9, 1, 6, 12, 7, 4, 8, 10, 5, 2, 3]",599000,0.00013136863708496094,0.9869177124943055
0,10,105,48592,26970,"[1, 8, 9, 12, 2, 10, 11, 3, 6, 4, 5, 7]","[11, 9, 1, 6, 12, 7, 4, 8, 10, 5, 2, 3]",599000,0.00016307830810546875,
0,10,106,32770,26970,"[1, 8, 9, 5, 4, 6, 3, 11, 10, 2, 12, 7]","[11, 9, 1, 6, 12, 7, 4, 8, 10, 5, 2, 3]",599000,0.00019550323486328125,0.972213060496089
0,10,107,49650,26970,"[1, 8, 9, 5, 4, 6, 3, 11, 2, 10, 12, 7]","[11, 9, 1, 6, 12, 7, 4, 8, 10, 5, 2, 3]",599000,0.00023031234741210938,
0,10,108,43624,26970,"[1, 8, 12, 10, 2, 11, 3, 6, 4, 5, 9, 7]","[11, 9, 1, 6, 12, 7, 4, 8, 10, 5, 2, 3]",599000,0.00026345252990722656,
0,10,109,33842,26970,"[1, 8, 12, 10, 4, 6, 3, 11, 2, 5, 9, 7]","[11, 9, 1, 6, 12, 7, 4, 8, 10, 5, 2, 3]",599000,0.0002949237823486328,
0,10,110,28046,26970,"[1, 8, 12, 10, 4, 6, 3, 11, 2, 7, 9, 5]","[11, 9, 1, 6, 12, 7, 4, 8, 10, 5, 2, 3]",599000,0.0003275871276855469,0.9837856456873707
0,10,111,37838,26970,"[1, 7, 2, 11, 3, 6, 4, 10, 12, 8, 9, 5]","[11, 9, 1, 6, 12, 7, 4, 8, 10, 5, 2, 3]",599000,0.0003590583801269531,
0,10,112,35656,26970,"[1, 8, 12, 10, 4, 6, 3, 11, 2, 7, 9, 5]","[11, 9, 1, 6, 12, 7, 4, 8, 10, 5, 2, 3]",599000,0.0003914833068847656,0.9963638888242862
0,10,113,37838,26970,"[1, 2, 11, 3, 6, 4, 10, 12, 8, 7, 9, 5]","[11, 9, 1, 6, 12, 7, 4, 8, 10, 5, 2, 3]",599000,0.000423431396484375,
0,10,114,36558,26970,"[1, 2, 11, 3, 7, 8, 12, 10, 4, 6, 9, 5]","[11, 9, 1, 6, 12, 7, 4, 8, 10, 5, 2, 3]",599000,0.00045561790466308594,0.9861831524399605
0,10,115,44892,26970,"[1, 2, 11, 10, 12, 8, 7, 3, 4, 6, 9, 5]","[11, 9, 1, 6, 12, 7, 4, 8, 10, 5, 2, 3]",599000,0.00048828125,0.9745953808219504
0,10,116,60306,26970,"[1, 4, 3, 7, 8, 12, 10, 11, 2, 6, 9, 5]","[11, 9, 1, 6, 12, 7, 4, 8, 10, 5, 2, 3]",599000,0.0005197525024414062,
0,10,117,35796,26970,"[1, 4, 3, 7, 8, 12, 10, 11, 2, 9, 6, 5]","[11, 9, 1, 6, 12, 7, 4, 8, 10, 5, 2, 3]",599000,0.0005521774291992188,0.9839203300694743
0,10,118,45506,26970,"[1, 4, 3, 6, 9, 2, 11, 10, 12, 8, 7, 5]","[11, 9, 1, 6, 12, 7, 4, 8, 10, 5, 2, 3]",599000,0.000583648681640625,
0,10,119,33454,26970,"[7, 8, 4, 3, 6, 9, 10, 11, 2, 12, 1, 5]","[11, 9, 1, 6, 12, 7, 4, 8, 10, 5, 2, 3]",599000,0.0006160736083984375,0.974546570923336
0,10,120,33454,26970,"[7, 8, 4, 3, 6, 9, 10, 11, 2, 12, 1, 5]","[11, 9, 1, 6, 12, 7, 4, 8, 10, 5, 2, 3]",599000,0.0006489753723144531,0.972563704717069
0,10,121,33454,26970,"[7, 8, 4, 3, 6, 9, 10, 11, 2, 12, 1, 5]","[11, 9, 1, 6, 12, 7, 4, 8, 10, 5, 2, 3]",599000,0.0006821155548095703,0.9720442768879254
0,10,122,50438,26970,"[11, 10, 9, 6, 3, 4, 8, 7, 2, 12, 1, 5]","[11, 9, 1, 6, 12, 7, 4, 8, 10, 5, 2, 3]",599000,0.0007145404815673828,
0,10,123,44766,26970,"[1, 12, 2, 7, 8, 4, 3, 6, 9, 10, 11, 5]","[11, 9, 1, 6, 12, 7, 4, 8, 10, 5, 2, 3]",599000,0.0007472038269042969,0.981980685456504
0,10,124,55658,26970,"[1, 12, 5, 11, 10, 9, 6, 3, 4, 8, 7, 2]","[11, 9, 1, 6, 12, 7, 4, 8, 10, 5, 2, 3]",599000,0.0007789134979248047,
0,10,125,52500,26970,"[11, 5, 12, 1, 10, 9, 6, 3, 4, 8, 7, 2]","[11, 9, 1, 6, 12, 7, 4, 8, 10, 5, 2, 3]",599000,0.0008120536804199219,
0,10,126,47742,26970,"[11, 5, 4, 3, 6, 9, 10, 1, 12, 8, 7, 2]","[11, 9, 1, 6, 12, 7, 4, 8, 10, 5, 2, 3]",599000,0.0008437633514404297,
0,10,127,35960,26970,"[1, 10, 9, 6, 3, 4, 5, 11, 12, 8, 7, 2]","[11, 9, 1, 6, 12, 7, 4, 8, 10, 5, 2, 3]",599000,0.0008788108825683594,0.9979120325925291
0,10,128,37212,26970,"[1, 10, 9, 6, 3, 4, 5, 12, 11, 8, 7, 2]","[11, 9, 1, 6, 12, 7, 4, 8, 10, 5, 2, 3]",599000,0.0009121894836425781,0.9779495824761203
0,10,129,50568,26970,"[1, 10, 9, 6, 3, 11, 12, 5, 4, 8, 7, 2]","[11, 9, 1, 6, 12, 7, 4, 8, 10, 5, 2, 3]",599000,0.0009438991546630859,
0,10,130,43208,26970,"[1, 10, 9, 6, 8, 4, 5, 12, 11, 3, 7, 2]","[11, 9, 1, 6, 12, 7, 4, 8, 10, 5, 2, 3]",599000,0.0009763240814208984,0.9966566865026951
0,10,131,45214,26970,"[1, 11, 12, 5, 4, 8, 6, 9, 10, 3, 7, 2]","[11, 9, 1, 6, 12, 7, 4, 8, 10, 5, 2, 3]",599000,0.0010077953338623047,
0,10,132,39906,26970,"[12, 11, 1, 5, 4, 8, 6, 9, 10, 3, 7, 2]","[11, 9, 1, 6, 12, 7, 4, 8, 10, 5, 2, 3]",599000,0.0010406970977783203,0.9929067458428862
0,10,133,44170,26970,"[12, 11, 7, 3, 10, 9, 6, 8, 4, 5, 1, 2]","[11, 9, 1, 6, 12, 7, 4, 8, 10, 5, 2, 3]",599000,0.0010724067687988281,
0,10,134,42596,26970,"[12, 3, 7, 11, 10, 9, 6, 8, 4, 5, 1, 2]","[11, 9, 1, 6, 12, 7, 4, 8, 10, 5, 2, 3]",599000,0.001104593276977539,0.9812956691936148
0,10,135,53906,26970,"[9, 10, 11, 7, 3, 12, 6, 8, 4, 5, 1, 2]","[11, 9, 1, 6, 12, 7, 4, 8, 10, 5, 2, 3]",599000,0.0011365413665771484,
0,10,136,49366,26970,"[9, 4, 8, 6, 12, 3, 7, 11, 10, 5, 1, 2]","[11, 9, 1, 6, 12, 7, 4, 8, 10, 5, 2, 3]",599000,0.0011684894561767578,
0,10,137,29346,26970,"[9, 4, 2, 1, 5, 10, 11, 7, 3, 12, 6, 8]","[11, 9, 1, 6, 12, 7, 4, 8, 10, 5, 2, 3]",599000,0.0012009143829345703,0.966400473728348
0,10,138,49818,26970,"[9, 4, 2, 7, 11, 10, 5, 1, 3, 12, 6, 8]","[11, 9, 1, 6, 12, 7, 4, 8, 10, 5, 2, 3]",599000,0.0012333393096923828,0.9888869194637799
0,10,139,56512,26970,"[9, 3, 1, 5, 10, 11, 7, 2, 4, 12, 6, 8]","[11, 9, 1, 6, 12, 7, 4, 8, 10, 5, 2, 3]",599000,0.0012650489807128906,
0,10,140,47788,26970,"[9, 3, 8, 6, 12, 4, 2, 7, 11, 10, 5, 1]","[11, 9, 1, 6, 12, 7, 4, 8, 10, 5, 2, 3]",599000,0.0012969970703125,
0,10,141,32090,26970,"[5, 10, 11, 7, 2, 4, 12, 6, 8, 3, 9, 1]","[11, 9, 1, 6, 12, 7, 4, 8, 10, 5, 2, 3]",599000,0.0013306140899658203,0.9777210400004105
0,10,142,45586,26970,"[5, 1, 9, 3, 8, 6, 12, 4, 2, 7, 11, 10]","[11, 9, 1, 6, 12, 7, 4, 8, 10, 5, 2, 3]",599000,0.0013632774353027344,
0,10,143,45010,26970,"[5, 1, 9, 4, 12, 6, 8, 3, 2, 7, 11, 10]","[11, 9, 1, 6, 12, 7, 4, 8, 10, 5, 2, 3]",599000,0.0013957023620605469,0.9805587456167003
0,10,144,56770,26970,"[5, 1, 9, 4, 12, 2, 3, 8, 6, 7, 11, 10]","[11, 9, 1, 6, 12, 7, 4, 8, 10, 5, 2, 3]",599000,0.0014271736145019531,
0,10,145,51152,26970,"[5, 1, 9, 10, 11, 7, 6, 8, 3, 2, 12, 4]","[11, 9, 1, 6, 12, 7, 4, 8, 10, 5, 2, 3]",599000,0.001458883285522461,
0,10,146,39610,26970,"[5, 1, 9, 10, 11, 7, 6, 8, 4, 12, 2, 3]","[11, 9, 1, 6, 12, 7, 4, 8, 10, 5, 2, 3]",599000,0.0014920234680175781,0.9986519945186139
0,10,147,40418,26970,"[5, 11, 10, 9, 1, 7, 6, 8, 4, 12, 2, 3]","[11, 9, 1, 6, 12, 7, 4, 8, 10, 5, 2, 3]",599000,0.0015344619750976562,0.9924095881736413
0,10,148,44982,26970,"[5, 1, 9, 10, 11, 7, 6, 8, 4, 12, 2, 3]","[11, 9, 1, 6, 12, 7, 4, 8, 10, 5, 2, 3]",599000,0.0015666484832763672,
0,10,149,40418,26970,"[5, 1, 9, 10, 7, 11, 6, 8, 4, 12, 2, 3]","[11, 9, 1, 6, 12, 7, 4, 8, 10, 5, 2, 3]",599000,0.0016026496887207031,0.9891147694068991
0,10,150,46974,26970,"[5, 1, 9, 10, 2, 12, 4, 8, 6, 11, 7, 3]","[11, 9, 1, 6, 12, 7, 4, 8, 10, 5, 2, 3]",599000,0.0016357898712158203,0.9896928851492947
0,10,151,53180,26970,"[5, 1, 9, 10, 2, 12, 7, 11, 6, 8, 4, 3]","[11, 9, 1, 6, 12, 7, 4, 8, 10, 5, 2, 3]",599000,0.0016674995422363281,
0,10,152,48932,26970,"[5, 1, 9, 10, 2, 12, 3, 4, 8, 6, 11, 7]","[11, 9, 1, 6, 12, 7, 4, 8, 10, 5, 2, 3]",599000,0.001711130142211914,0.9939847753604589
0,10,153,52546,26970,"[5, 1, 9, 10, 2, 12, 3, 4, 11, 6, 8, 7]","[11, 9, 1, 6, 12, 7, 4, 8, 10, 5, 2, 3]",599000,0.001756429672241211,
0,10,154,52422,26970,"[5, 8, 6, 11, 4, 3, 12, 2, 10, 9, 1, 7]","[11, 9, 1, 6, 12, 7, 4, 8, 10, 5, 2, 3]",599000,0.001789093017578125,
0,10,155,40386,26970,"[5, 8, 6, 11, 4, 3, 1, 9, 10, 2, 12, 7]","[11, 9, 1, 6, 12, 7, 4, 8, 10, 5, 2, 3]",599000,0.0018231868743896484,0.991740475823501
0,10,156,45354,26970,"[5, 8, 6, 7, 12, 2, 10, 9, 1, 3, 4, 11]","[11, 9, 1, 6, 12, 7, 4, 8, 10, 5, 2, 3]",599000,0.0018563270568847656,0.9925355112348706
0,10,157,49842,26970,"[5, 8, 6, 2, 12, 7, 10, 9, 1, 3, 4, 11]","[11, 9, 1, 6, 12, 7, 4, 8, 10, 5, 2, 3]",599000,0.0018889904022216797,0.992124663391568
0,10,158,54578,26970,"[5, 8, 6, 2, 12, 7, 1, 9, 10, 3, 4, 11]","[11, 9, 1, 6, 12, 7, 4, 8, 10, 5, 2, 3]",599000,0.0019218921661376953,0.9963073355508215
0,10,159,56794,26970,"[5, 8, 4, 3, 10, 9, 1, 7, 12, 2, 6, 11]","[11, 9, 1, 6, 12, 7, 4, 8, 10, 5, 2, 3]",599000,0.0019538402557373047,
0,10,160,33128,26970,"[5, 1, 9, 10, 3, 4, 8, 7, 12, 2, 6, 11]","[11, 9, 1, 6, 12, 7, 4, 8, 10, 5, 2, 3]",599000,0.0019865036010742188,0.9961011096356956
0,10,161,35468,26970,"[5, 1, 9, 10, 3, 4, 8, 2, 12, 7, 6, 11]","[11, 9, 1, 6, 12, 7, 4, 8, 10, 5, 2, 3]",599000,0.002017974853515625,
0,10,162,33766,26970,"[12, 2, 8, 4, 3, 10, 9, 1, 5, 7, 6, 11]","[11, 9, 1, 6, 12, 7, 4, 8, 10, 5, 2, 3]",599000,0.0020508766174316406,0.9927177965965132
0,10,163,38144,26970,"[5, 1, 9, 10, 3, 4, 8, 2, 12, 7, 6, 11]","[11, 9, 1, 6, 12, 7, 4, 8, 10, 5, 2, 3]",599000,0.00208282470703125,
0,10,164,33766,26970,"[5, 11, 6, 7, 12, 2, 8, 4, 3, 10, 9, 1]","[11, 9, 1, 6, 12, 7, 4, 8, 10, 5, 2, 3]",599000,0.002115488052368164,0.9884643802943032
0,10,165,40716,26970,"[5, 11, 9, 10, 3, 4, 8, 2, 12, 7, 6, 1]","[11, 9, 1, 6, 12, 7, 4, 8, 10, 5, 2, 3]",599000,0.002147674560546875,
0,10,166,27960,26970,"[5, 9, 11, 10, 3, 4, 8, 2, 12, 7, 6, 1]","[11, 9, 1, 6, 12, 7, 4, 8, 10, 5, 2, 3]",599000,0.002179861068725586,0.9903573093131496
0,10,167,33764,26970,"[5, 9, 11, 3, 10, 4, 8, 2, 12, 7, 6, 1]","[11, 9, 1, 6, 12, 7, 4, 8, 10, 5, 2, 3]",599000,0.0022122859954833984,0.999599412476983
0,10,168,34004,26970,"[4, 10, 3, 11, 9, 5, 8, 2, 12, 7, 6, 1]","[11, 9, 1, 6, 12, 7, 4, 8, 10, 5, 2, 3]",599000,0.002244234085083008,
0,10,169,32504,26970,"[4, 9, 11, 3, 10, 5, 8, 2, 12, 7, 6, 1]","[11, 9, 1, 6, 12, 7, 4, 8, 10, 5, 2, 3]",599000,0.002276897430419922,0.9902911774772212
0,10,170,38348,26970,"[4, 9, 11, 3, 10, 5, 8, 2, 6, 7, 12, 1]","[11, 9, 1, 6, 12, 7, 4, 8, 10, 5, 2, 3]",599000,0.002308368682861328,
0,10,171,38324,26970,"[4, 9, 11, 3, 10, 5, 8, 2, 1, 12, 7, 6]","[11, 9, 1, 6, 12, 7, 4, 8, 10, 5, 2, 3]",599000,0.0023407936096191406,0.9974290201601455
0,10,172,39866,26970,"[4, 5, 10, 3, 11, 9, 8, 2, 1, 12, 7, 6]","[11, 9, 1, 6, 12, 7, 4, 8, 10, 5, 2, 3]",599000,0.0023736953735351562,0.9831748699876097
0,10,173,50030,26970,"[4, 10, 5, 3, 11, 9, 8, 2, 1, 12, 7, 6]","[11, 9, 1, 6, 12, 7, 4, 8, 10, 5, 2, 3]",599000,0.002405405044555664,
0,10,174,43074,26970,"[4, 10, 5, 3, 11, 9, 8, 1, 2, 12, 7, 6]","[11, 9, 1, 6, 12, 7, 4, 8, 10, 5, 2, 3]",599000,0.0024411678314208984,0.9810401396573456
0,10,175,54540,26970,"[4, 7, 12, 2, 1, 8, 9, 11, 3, 5, 10, 6]","[11, 9, 1, 6, 12, 7, 4, 8, 10, 5, 2, 3]",599000,0.0024743080139160156,
0,10,176,40092,26970,"[4, 7, 12, 6, 10, 5, 3, 11, 9, 8, 1, 2]","[11, 9, 1, 6, 12, 7, 4, 8, 10, 5, 2, 3]",599000,0.002505779266357422,
0,10,177,32778,26970,"[7, 4, 12, 6, 10, 5, 3, 11, 9, 8, 1, 2]","[11, 9, 1, 6, 12, 7, 4, 8, 10, 5, 2, 3]",599000,0.0025382041931152344,0.9749273529704059
0,10,178,47988,26970,"[3, 5, 10, 6, 12, 4, 7, 11, 9, 8, 1, 2]","[11, 9, 1, 6, 12, 7, 4, 8, 10, 5, 2, 3]",599000,0.0025701522827148438,
0,10,179,45388,26970,"[3, 5, 10, 1, 8, 9, 11, 7, 4, 12, 6, 2]","[11, 9, 1, 6, 12, 7, 4, 8, 10, 5, 2, 3]",599000,0.0026023387908935547,
0,10,180,39086,26970,"[3, 5, 10, 1, 2, 6, 12, 4, 7, 11, 9, 8]","[11, 9, 1, 6, 12, 7, 4, 8, 10, 5, 2, 3]",599000,0.0026345252990722656,0.9894450798962017
0,10,181,45442,26970,"[3, 11, 7, 4, 12, 6, 2, 1, 10, 5, 9, 8]","[11, 9, 1, 6, 12, 7, 4, 8, 10, 5, 2, 3]",599000,0.002666473388671875,
0,10,182,36406,26970,"[9, 5, 10, 1, 2, 6, 12, 4, 7, 11, 3, 8]","[11, 9, 1, 6, 12, 7, 4, 8, 10, 5, 2, 3]",599000,0.0027000904083251953,0.966852319114107
0,10,183,56598,26970,"[4, 12, 6, 2, 1, 10, 5, 9, 7, 11, 3, 8]","[11, 9, 1, 6, 12, 7, 4, 8, 10, 5, 2, 3]",599000,0.0027320384979248047,
0,10,184,51050,26970,"[4, 8, 3, 11, 7, 9, 5, 10, 1, 2, 6, 12]","[11, 9, 1, 6, 12, 7, 4, 8, 10, 5, 2, 3]",599000,0.002763986587524414,
0,10,185,40366,26970,"[4, 8, 5, 9, 7, 11, 3, 10, 1, 2, 6, 12]","[11, 9, 1, 6, 12, 7, 4, 8, 10, 5, 2, 3]",599000,0.0027954578399658203,
0,10,186,33770,26970,"[4, 8, 5, 9, 7, 11, 3, 6, 2, 1, 10, 12]","[11, 9, 1, 6, 12, 7, 4, 8, 10, 5, 2, 3]",599000,0.002828359603881836,0.9839039041576698
0,10,187,43490,26970,"[4, 7, 9, 5, 8, 11, 3, 6, 2, 1, 10, 12]","[11, 9, 1, 6, 12, 7, 4, 8, 10, 5, 2, 3]",599000,0.002870798110961914,0.9810303129271991
0,10,188,54962,26970,"[11, 8, 5, 9, 7, 4, 3, 6, 2, 1, 10, 12]","[11, 9, 1, 6, 12, 7, 4, 8, 10, 5, 2, 3]",599000,0.002920389175415039,
0,10,189,42494,26970,"[11, 12, 10, 1, 2, 6, 3, 4, 7, 9, 5, 8]","[11, 9, 1, 6, 12, 7, 4, 8, 10, 5, 2, 3]",599000,0.0029757022857666016,
0,10,190,35084,26970,"[11, 12, 10, 1, 9, 7, 4, 3, 6, 2, 5, 8]","[11, 9, 1, 6, 12, 7, 4, 8, 10, 5, 2, 3]",599000,0.003033161163330078,0.9839728948300601
0,10,191,44762,26970,"[11, 5, 2, 6, 3, 4, 7, 9, 1, 10, 12, 8]","[11, 9, 1, 6, 12, 7, 4, 8, 10, 5, 2, 3]",599000,0.0030677318572998047,0.9997529520572631
0,10,192,44910,26970,"[11, 5, 2, 3, 6, 4, 7, 9, 1, 10, 12, 8]","[11, 9, 1, 6, 12, 7, 4, 8, 10, 5, 2, 3]",599000,0.003103971481323242,
0,10,193,42750,26970,"[11, 5, 2, 3, 6, 7, 4, 9, 1, 10, 12, 8]","[11, 9, 1, 6, 12, 7, 4, 8, 10, 5, 2, 3]",599000,0.0031359195709228516,
0,10,194,27488,26970,"[11, 5, 8, 12, 10, 1, 9, 4, 7, 6, 3, 2]","[11, 9, 1, 6, 12, 7, 4, 8, 10, 5, 2, 3]",599000,0.003169536590576172,0.9925321972654074
0,10,195,31978,26970,"[11, 5, 4, 9, 1, 10, 12, 8, 7, 6, 3, 2]","[11, 9, 1, 6, 12, 7, 4, 8, 10, 5, 2, 3]",599000,0.003202199935913086,0.995359714404904
0,10,196,34764,26970,"[11, 5, 4, 9, 1, 10, 12, 2, 3, 6, 7, 8]","[11, 9, 1, 6, 12, 7, 4, 8, 10, 5, 2, 3]",599000,0.0032351016998291016,0.9995093024014151
0,10,197,35058,26970,"[11, 5, 4, 2, 12, 10, 1, 9, 3, 6, 7, 8]","[11, 9, 1, 6, 12, 7, 4, 8, 10, 5, 2, 3]",599000,0.003267049789428711,
0,10,198,27646,26970,"[11, 8, 7, 6, 3, 9, 1, 10, 12, 2, 4, 5]","[11, 9, 1, 6, 12, 7, 4, 8, 10, 5, 2, 3]",599000,0.0032994747161865234,0.984288342371218
0,10,199,37132,26970,"[11, 8, 7, 6, 3, 9, 1, 10, 12, 2, 5, 4]","[11, 9, 1, 6, 12, 7, 4, 8, 10, 5, 2, 3]",599000,0.0033316612243652344,
0,10,200,32540,26970,"[11, 5, 2, 12, 10, 1, 9, 3, 6, 7, 8, 4]","[11, 9, 1, 6, 12, 7, 4, 8, 10, 5, 2, 3]",599000,0.0033643245697021484,0.984755127291843
0,10,201,41742,26970,"[11, 5, 4, 8, 7, 6, 3, 9, 1, 10, 12, 2]","[11, 9, 1, 6, 12, 7, 4, 8, 10, 5, 2, 3]",599000,3.2901763916015625e-05,0.998726564016972
0,10,202,42504,26970,"[11, 2, 12, 10, 1, 9, 3, 6, 7, 8, 4, 5]","[11, 9, 1, 6, 12, 7, 4, 8, 10, 5, 2, 3]",598000,6.890296936035156e-05,0.9913088909632961
0,10,203,47724,26970,"[11, 2, 12, 10, 1, 9, 4, 8, 7, 6, 3, 5]","[11, 9, 1, 6, 12, 7, 4, 8, 10, 5, 2, 3]",598000,0.00010251998901367188,0.9901789791063451
0,10,204,53626,26970,"[11, 2, 9, 1, 10, 12, 4, 8, 7, 6, 3, 5]","[11, 9, 1, 6, 12, 7, 4, 8, 10, 5, 2, 3]",598000,0.0001342296600341797,
0,10,205,51538,26970,"[8, 4, 12, 10, 1, 9, 2, 11, 7, 6, 3, 5]","[11, 9, 1, 6, 12, 7, 4, 8, 10, 5, 2, 3]",598000,0.0001659393310546875,
0,10,206,29406,26970,"[7, 11, 2, 9, 1, 10, 12, 4, 8, 6, 3, 5]","[11, 9, 1, 6, 12, 7, 4, 8, 10, 5, 2, 3]",598000,0.00019860267639160156,0.9836436038011372
0,10,207,39268,26970,"[6, 8, 4, 12, 10, 1, 9, 2, 11, 7, 3, 5]","[11, 9, 1, 6, 12, 7, 4, 8, 10, 5, 2, 3]",598000,0.00023055076599121094,
0,10,208,34730,26970,"[6, 8, 10, 12, 4, 1, 9, 2, 11, 7, 3, 5]","[11, 9, 1, 6, 12, 7, 4, 8, 10, 5, 2, 3]",598000,0.0002624988555908203,
0,10,209,33650,26970,"[12, 10, 8, 6, 4, 1, 9, 2, 11, 7, 3, 5]","[11, 9, 1, 6, 12, 7, 4, 8, 10, 5, 2, 3]",598000,0.00029540061950683594,0.9843478682778043
0,10,210,43084,26970,"[12, 7, 11, 2, 9, 1, 4, 6, 8, 10, 3, 5]","[11, 9, 1, 6, 12, 7, 4, 8, 10, 5, 2, 3]",598000,0.0003268718719482422,
0,10,211,32082,26970,"[12, 7, 10, 8, 6, 4, 1, 9, 2, 11, 3, 5]","[11, 9, 1, 6, 12, 7, 4, 8, 10, 5, 2, 3]",598000,0.00035953521728515625,0.9898644237189104
0,10,212,38174,26970,"[12, 7, 10, 8, 6, 4, 1, 9, 3, 11, 2, 5]","[11, 9, 1, 6, 12, 7, 4, 8, 10, 5, 2, 3]",598000,0.00039124488830566406,
0,10,213,38146,26970,"[12, 3, 9, 1, 4, 6, 8, 10, 7, 11, 2, 5]","[11, 9, 1, 6, 12, 7, 4, 8, 10, 5, 2, 3]",598000,0.0004239082336425781,0.9627773385593845
0,10,214,60830,26970,"[12, 3, 9, 1, 4, 2, 11, 7, 10, 8, 6, 5]","[11, 9, 1, 6, 12, 7, 4, 8, 10, 5, 2, 3]",598000,0.0004563331604003906,0.9997525389847333
0,10,215,60978,26970,"[12, 3, 9, 1, 8, 10, 7, 11, 2, 4, 6, 5]","[11, 9, 1, 6, 12, 7, 4, 8, 10, 5, 2, 3]",598000,0.00048804283142089844,
0,10,216,60444,26970,"[12, 3, 9, 1, 8, 10, 7, 5, 6, 4, 2, 11]","[11, 9, 1, 6, 12, 7, 4, 8, 10, 5, 2, 3]",598000,0.0005202293395996094,0.9930775827867534
0,10,217,64598,26970,"[12, 7, 10, 8, 1, 9, 3, 5, 6, 4, 2, 11]","[11, 9, 1, 6, 12, 7, 4, 8, 10, 5, 2, 3]",598000,0.0005521774291992188,
0,10,218,56402,26970,"[12, 7, 10, 8, 1, 3, 9, 5, 6, 4, 2, 11]","[11, 9, 1, 6, 12, 7, 4, 8, 10, 5, 2, 3]",598000,0.0005846023559570312,0.9927986302770541
0,10,219,60724,26970,"[12, 7, 10, 8, 1, 3, 9, 5, 6, 2, 4, 11]","[11, 9, 1, 6, 12, 7, 4, 8, 10, 5, 2, 3]",598000,0.0006160736083984375,
0,10,220,58294,26970,"[2, 6, 5, 9, 3, 1, 8, 10, 7, 12, 4, 11]","[11, 9, 1, 6, 12, 7, 4, 8, 10, 5, 2, 3]",598000,0.0006480216979980469,
0,10,221,55350,26970,"[2, 6, 5, 11, 4, 12, 7, 10, 8, 1, 3, 9]","[11, 9, 1, 6, 12, 7, 4, 8, 10, 5, 2, 3]",598000,0.0006794929504394531,
0,10,222,38738,26970,"[2, 6, 5, 3, 1, 8, 10, 7, 12, 4, 11, 9]","[11, 9, 1, 6, 12, 7, 4, 8, 10, 5, 2, 3]",598000,0.0007128715515136719,0.9943271882975437
0,10,223,42140,26970,"[2, 11, 4, 12, 7, 10, 8, 1, 3, 5, 6, 9]","[11, 9, 1, 6, 12, 7, 4, 8, 10, 5, 2, 3]",598000,0.0007467269897460938,0.9753131739398476
0,10,224,57088,26970,"[2, 11, 4, 12, 7, 9, 6, 5, 3, 1, 8, 10]","[11, 9, 1, 6, 12, 7, 4, 8, 10, 5, 2, 3]",598000,0.0007781982421875,
0,10,225,46172,26970,"[2, 11, 4, 10, 8, 1, 3, 5, 6, 9, 7, 12]","[11, 9, 1, 6, 12, 7, 4, 8, 10, 5, 2, 3]",598000,0.0008106231689453125,0.9794941015200773
0,10,226,58562,26970,"[2, 11, 12, 7, 9, 6, 5, 3, 1, 8, 10, 4]","[11, 9, 1, 6, 12, 7, 4, 8, 10, 5, 2, 3]",598000,0.0008423328399658203,
0,10,227,42060,26970,"[2, 11, 12, 7, 1, 3, 5, 6, 9, 8, 10, 4]","[11, 9, 1, 6, 12, 7, 4, 8, 10, 5, 2, 3]",598000,0.0008747577667236328,0.9846178602321953
0,10,228,51330,26970,"[2, 11, 12, 7, 6, 5, 3, 1, 9, 8, 10, 4]","[11, 9, 1, 6, 12, 7, 4, 8, 10, 5, 2, 3]",598000,0.0009064674377441406,
0,10,229,41856,26970,"[11, 2, 12, 7, 6, 5, 3, 1, 9, 8, 10, 4]","[11, 9, 1, 6, 12, 7, 4, 8, 10, 5, 2, 3]",598000,0.0009388923645019531,0.9820887689877152
0,10,230,52664,26970,"[10, 8, 9, 1, 3, 5, 6, 7, 12, 2, 11, 4]","[11, 9, 1, 6, 12, 7, 4, 8, 10, 5, 2, 3]",598000,0.0009710788726806641,
0,10,231,27214,26970,"[10, 8, 9, 12, 7, 6, 5, 3, 1, 2, 11, 4]","[11, 9, 1, 6, 12, 7, 4, 8, 10, 5, 2, 3]",598000,0.0010037422180175781,0.9729706732523665
0,10,232,43600,26970,"[10, 8, 9, 5, 6, 7, 12, 3, 1, 2, 11, 4]","[11, 9, 1, 6, 12, 7, 4, 8, 10, 5, 2, 3]",598000,0.0010361671447753906,0.9949226326241496
0,10,233,46644,26970,"[10, 8, 9, 5, 6, 4, 11, 2, 1, 3, 12, 7]","[11, 9, 1, 6, 12, 7, 4, 8, 10, 5, 2, 3]",598000,0.0010678768157958984,
0,10,234,42878,26970,"[10, 8, 9, 5, 6, 4, 12, 3, 1, 2, 11, 7]","[11, 9, 1, 6, 12, 7, 4, 8, 10, 5, 2, 3]",598000,0.0011010169982910156,
0,10,235,38740,26970,"[10, 8, 7, 11, 2, 1, 3, 12, 4, 6, 5, 9]","[11, 9, 1, 6, 12, 7, 4, 8, 10, 5, 2, 3]",598000,0.0011334419250488281,
0,10,236,34354,26970,"[10, 9, 5, 6, 4, 12, 3, 1, 2, 11, 7, 8]","[11, 9, 1, 6, 12, 7, 4, 8, 10, 5, 2, 3]",598000,0.0011658668518066406,0.993220410234166
0,10,237,38422,26970,"[10, 9, 5, 6, 4, 12, 7, 11, 2, 1, 3, 8]","[11, 9, 1, 6, 12, 7, 4, 8, 10, 5, 2, 3]",598000,0.0011987686157226562,0.9968077815836967
0,10,238,40334,26970,"[10, 9, 5, 6, 4, 7, 12, 11, 2, 1, 3, 8]","[11, 9, 1, 6, 12, 7, 4, 8, 10, 5, 2, 3]",598000,0.0012311935424804688,0.9932802045670348
0,10,239,44366,26970,"[10, 9, 8, 3, 1, 2, 11, 12, 7, 4, 6, 5]","[11, 9, 1, 6, 12, 7, 4, 8, 10, 5, 2, 3]",598000,0.0012638568878173828,0.9834297914764056
0,10,240,54358,26970,"[10, 9, 8, 6, 4, 7, 12, 11, 2, 1, 3, 5]","[11, 9, 1, 6, 12, 7, 4, 8, 10, 5, 2, 3]",598000,0.001295328140258789,
0,10,241,46664,26970,"[10, 9, 1, 2, 11, 12, 7, 4, 6, 8, 3, 5]","[11, 9, 1, 6, 12, 7, 4, 8, 10, 5, 2, 3]",598000,0.0013272762298583984,
0,10,242,42532,26970,"[3, 8, 6, 4, 7, 12, 11, 2, 1, 9, 10, 5]","[11, 9, 1, 6, 12, 7, 4, 8, 10, 5, 2, 3]",598000,0.001359701156616211,0.9888618250532425
0,10,243,49230,26970,"[2, 11, 12, 7, 4, 6, 8, 3, 1, 9, 10, 5]","[11, 9, 1, 6, 12, 7, 4, 8, 10, 5, 2, 3]",598000,0.0013916492462158203,
0,10,244,45508,26970,"[2, 11, 12, 7, 5, 10, 9, 1, 3, 8, 6, 4]","[11, 9, 1, 6, 12, 7, 4, 8, 10, 5, 2, 3]",598000,0.0014243125915527344,0.9819968051147475
0,10,245,56372,26970,"[2, 11, 12, 7, 5, 10, 9, 1, 3, 4, 6, 8]","[11, 9, 1, 6, 12, 7, 4, 8, 10, 5, 2, 3]",598000,0.0014560222625732422,
0,10,246,54836,26970,"[2, 11, 12, 7, 5, 6, 4, 3, 1, 9, 10, 8]","[11, 9, 1, 6, 12, 7, 4, 8, 10, 5, 2, 3]",598000,0.00148773193359375,
0,10,247,48130,26970,"[2, 11, 12, 7, 4, 6, 5, 3, 1, 9, 10, 8]","[11, 9, 1, 6, 12, 7, 4, 8, 10, 5, 2, 3]",598000,0.0015192031860351562,
0,10,248,42932,26970,"[2, 6, 4, 7, 12, 11, 5, 3, 1, 9, 10, 8]","[11, 9, 1, 6, 12, 7, 4, 8, 10, 5, 2, 3]",598000,0.0015506744384765625,
0,10,249,38706,26970,"[3, 5, 11, 12, 7, 4, 6, 2, 1, 9, 10, 8]","[11, 9, 1, 6, 12, 7, 4, 8, 10, 5, 2, 3]",598000,0.001583099365234375,0.9967111059186594
0,10,250,40676,26970,"[3, 4, 7, 12, 11, 5, 6, 2, 1, 9, 10, 8]","[11, 9, 1, 6, 12, 7, 4, 8, 10, 5, 2, 3]",598000,0.0016155242919921875,0.99133209913542
0,10,251,45882,26970,"[3, 4, 7, 12, 11, 9, 1, 2, 6, 5, 10, 8]","[11, 9, 1, 6, 12, 7, 4, 8, 10, 5, 2, 3]",598000,0.0016472339630126953,
0,10,252,43056,26970,"[1, 9, 11, 12, 7, 4, 3, 2, 6, 5, 10, 8]","[11, 9, 1, 6, 12, 7, 4, 8, 10, 5, 2, 3]",598000,0.0016796588897705078,0.9806938150449628
0,10,253,54714,26970,"[4, 7, 12, 11, 9, 1, 3, 2, 6, 5, 10, 8]","[11, 9, 1, 6, 12, 7, 4, 8, 10, 5, 2, 3]",598000,0.0017118453979492188,
0,10,254,45004,26970,"[4, 7, 12, 11, 9, 1, 3, 2, 8, 10, 5, 6]","[11, 9, 1, 6, 12, 7, 4, 8, 10, 5, 2, 3]",598000,0.001743316650390625,
0,10,255,36496,26970,"[4, 7, 12, 11, 9, 8, 2, 3, 1, 10, 5, 6]","[11, 9, 1, 6, 12, 7, 4, 8, 10, 5, 2, 3]",598000,0.001775979995727539,0.971179324848017
0,10,256,53984,26970,"[4, 7, 12, 1, 3, 2, 8, 9, 11, 10, 5, 6]","[11, 9, 1, 6, 12, 7, 4, 8, 10, 5, 2, 3]",598000,0.0018074512481689453,
0,10,257,40210,26970,"[1, 12, 7, 4, 3, 2, 8, 9, 11, 10, 5, 6]","[11, 9, 1, 6, 12, 7, 4, 8, 10, 5, 2, 3]",598000,0.0018401145935058594,0.9810940460077184
0,10,258,51624,26970,"[1, 12, 7, 4, 3, 2, 8, 9, 6, 5, 10, 11]","[11, 9, 1, 6, 12, 7, 4, 8, 10, 5, 2, 3]",598000,0.0018725395202636719,0.9975314799127084
0,10,259,53102,26970,"[1, 12, 7, 4, 11, 10, 5, 6, 9, 8, 2, 3]","[11, 9, 1, 6, 12, 7, 4, 8, 10, 5, 2, 3]",598000,0.0019047260284423828,0.9910105485749827
0,10,260,58502,26970,"[2, 8, 9, 6, 5, 10, 11, 4, 7, 12, 1, 3]","[11, 9, 1, 6, 12, 7, 4, 8, 10, 5, 2, 3]",598000,0.0019364356994628906,
0,10,261,51998,26970,"[2, 4, 11, 10, 5, 6, 9, 8, 7, 12, 1, 3]","[11, 9, 1, 6, 12, 7, 4, 8, 10, 5, 2, 3]",598000,0.0019683837890625,
0,10,262,43000,26970,"[2, 5, 10, 11, 4, 6, 9, 8, 7, 12, 1, 3]","[11, 9, 1, 6, 12, 7, 4, 8, 10, 5, 2, 3]",598000,0.002000570297241211,0.9728893245902968
0,10,263,59436,26970,"[2, 5, 10, 3, 1, 12, 7, 8, 9, 6, 4, 11]","[11, 9, 1, 6, 12, 7, 4, 8, 10, 5, 2, 3]",598000,0.0020329952239990234,
0,10,264,50638,26970,"[12, 1, 3, 10, 5, 2, 7, 8, 9, 6, 4, 11]","[11, 9, 1, 6, 12, 7, 4, 8, 10, 5, 2, 3]",598000,0.002065896987915039,0.9959047296546375
0,10,265,53092,26970,"[12, 8, 7, 2, 5, 10, 3, 1, 9, 6, 4, 11]","[11, 9, 1, 6, 12, 7, 4, 8, 10, 5, 2, 3]",598000,0.002097606658935547,
0,10,266,44846,26970,"[12, 8, 7, 2, 5, 11, 4, 6, 9, 1, 3, 10]","[11, 9, 1, 6, 12, 7, 4, 8, 10, 5, 2, 3]",598000,0.0021364688873291016,0.9904273829129883
0,10,267,50598,26970,"[12, 8, 7, 2, 5, 4, 11, 6, 9, 1, 3, 10]","[11, 9, 1, 6, 12, 7, 4, 8, 10, 5, 2, 3]",598000,0.0021698474884033203,0.9918129620588942
0,10,268,55514,26970,"[12, 6, 11, 4, 5, 2, 7, 8, 9, 1, 3, 10]","[11, 9, 1, 6, 12, 7, 4, 8, 10, 5, 2, 3]",598000,0.0022017955780029297,
0,10,269,42384,26970,"[7, 2, 5, 4, 11, 6, 12, 8, 9, 1, 3, 10]","[11, 9, 1, 6, 12, 7, 4, 8, 10, 5, 2, 3]",598000,0.0022335052490234375,
0,10,270,39384,26970,"[2, 7, 5, 4, 11, 6, 12, 8, 9, 1, 3, 10]","[11, 9, 1, 6, 12, 7, 4, 8, 10, 5, 2, 3]",598000,0.002267599105834961,0.9836468935845777
0,10,271,49244,26970,"[5, 7, 2, 4, 11, 6, 12, 8, 9, 1, 3, 10]","[11, 9, 1, 6, 12, 7, 4, 8, 10, 5, 2, 3]",598000,0.002299785614013672,
0,10,272,40536,26970,"[5, 7, 10, 3, 1, 9, 8, 12, 6, 11, 4, 2]","[11, 9, 1, 6, 12, 7, 4, 8, 10, 5, 2, 3]",598000,0.0023317337036132812,
0,10,273,26364,26364,"[5, 10, 7, 3, 1, 9, 8, 12, 6, 11, 4, 2]","[5, 7, 10, 3, 1, 9, 8, 12, 6, 11, 4, 2]",598000,0.0023643970489501953,0.9850822878504778
0,10,274,35352,26364,"[5, 4, 11, 6, 12, 8, 9, 1, 3, 7, 10, 2]","[5, 7, 10, 3, 1, 9, 8, 12, 6, 11, 4, 2]",598000,0.0023970603942871094,0.9848549873966503
0,10,275,44478,26364,"[5, 4, 11, 10, 7, 3, 1, 9, 8, 12, 6, 2]","[5, 7, 10, 3, 1, 9, 8, 12, 6, 11, 4, 2]",598000,0.002428770065307617,
0,10,276,37664,26364,"[5, 4, 11, 6, 12, 8, 9, 1, 3, 7, 10, 2]","[5, 7, 10, 3, 1, 9, 8, 12, 6, 11, 4, 2]",598000,0.002461671829223633,0.9886700243059128
0,10,277,44478,26364,"[5, 4, 7, 3, 1, 9, 8, 12, 6, 11, 10, 2]","[5, 7, 10, 3, 1, 9, 8, 12, 6, 11, 4, 2]",598000,0.0024940967559814453,0.9959646855901954
0,10,278,46896,26364,"[10, 11, 6, 12, 8, 9, 1, 3, 7, 4, 5, 2]","[5, 7, 10, 3, 1, 9, 8, 12, 6, 11, 4, 2]",598000,0.0025260448455810547,
0,10,279,39362,26364,"[10, 11, 6, 7, 3, 1, 9, 8, 12, 4, 5, 2]","[5, 7, 10, 3, 1, 9, 8, 12, 6, 11, 4, 2]",598000,0.0025589466094970703,0.9887427719338352
0,10,280,46132,26364,"[10, 11, 6, 7, 5, 4, 12, 8, 9, 1, 3, 2]","[5, 7, 10, 3, 1, 9, 8, 12, 6, 11, 4, 2]",598000,0.0025908946990966797,
0,10,281,44326,26364,"[10, 9, 8, 12, 4, 5, 7, 6, 11, 1, 3, 2]","[5, 7, 10, 3, 1, 9, 8, 12, 6, 11, 4, 2]",598000,0.0026230812072753906,0.9758809126714347
0,10,282,58926,26364,"[10, 9, 8, 2, 3, 1, 11, 6, 7, 5, 4, 12]","[5, 7, 10, 3, 1, 9, 8, 12, 6, 11, 4, 2]",598000,0.002655029296875,
0,10,283,56072,26364,"[10, 4, 5, 7, 6, 11, 1, 3, 2, 8, 9, 12]","[5, 7, 10, 3, 1, 9, 8, 12, 6, 11, 4, 2]",598000,0.0026865005493164062,
0,10,284,50246,26364,"[10, 12, 9, 8, 2, 3, 1, 11, 6, 7, 5, 4]","[5, 7, 10, 3, 1, 9, 8, 12, 6, 11, 4, 2]",598000,0.002719402313232422,0.9910834684217289
0,10,285,55602,26364,"[11, 1, 3, 2, 8, 9, 12, 10, 6, 7, 5, 4]","[5, 7, 10, 3, 1, 9, 8, 12, 6, 11, 4, 2]",598000,0.0027511119842529297,
0,10,286,42720,26364,"[11, 9, 8, 2, 3, 1, 12, 10, 6, 7, 5, 4]","[5, 7, 10, 3, 1, 9, 8, 12, 6, 11, 4, 2]",598000,0.002783536911010742,0.9988334568607965
0,10,287,43418,26364,"[12, 1, 3, 2, 7, 6, 10, 11, 9, 8, 5, 4]","[5, 7, 10, 3, 1, 9, 8, 12, 6, 11, 4, 2]",598000,0.0028162002563476562,0.9810415473965362
0,10,288,43418,26364,"[12, 1, 3, 2, 7, 6, 10, 11, 9, 8, 5, 4]","[5, 7, 10, 3, 1, 9, 8, 12, 6, 11, 4, 2]",598000,0.0028486251831054688,0.9872459112277284
0,10,289,51094,26364,"[12, 1, 9, 11, 10, 6, 7, 2, 3, 8, 5, 4]","[5, 7, 10, 3, 1, 9, 8, 12, 6, 11, 4, 2]",598000,0.0028815269470214844,0.9847133629168552
0,10,290,60306,26364,"[6, 10, 11, 9, 1, 12, 7, 2, 3, 8, 5, 4]","[5, 7, 10, 3, 1, 9, 8, 12, 6, 11, 4, 2]",598000,0.0029129981994628906,
0,10,291,56878,26364,"[6, 10, 11, 9, 1, 12, 7, 2, 5, 8, 3, 4]","[5, 7, 10, 3, 1, 9, 8, 12, 6, 11, 4, 2]",598000,0.002945423126220703,0.9999565226842964
0,10,292,56904,26364,"[6, 12, 1, 9, 11, 10, 7, 2, 5, 8, 3, 4]","[5, 7, 10, 3, 1, 9, 8, 12, 6, 11, 4, 2]",598000,0.002977132797241211,
0,10,293,44612,26364,"[11, 9, 1, 12, 6, 10, 7, 2, 5, 8, 3, 4]","[5, 7, 10, 3, 1, 9, 8, 12, 6, 11, 4, 2]",598000,0.003008604049682617,
0,10,294,40200,26364,"[8, 5, 2, 7, 10, 6, 12, 1, 9, 11, 3, 4]","[5, 7, 10, 3, 1, 9, 8, 12, 6, 11, 4, 2]",598000,0.0030412673950195312,0.993898290165866
0,10,295,43860,26364,"[8, 5, 2, 4, 3, 11, 9, 1, 12, 6, 10, 7]","[5, 7, 10, 3, 1, 9, 8, 12, 6, 11, 4, 2]",598000,0.0030739307403564453,0.9995987427325967
0,10,296,44100,26364,"[8, 5, 4, 2, 3, 11, 9, 1, 12, 6, 10, 7]","[5, 7, 10, 3, 1, 9, 8, 12, 6, 11, 4, 2]",598000,0.003106355667114258,0.998709863043502
0,10,297,44872,26364,"[8, 5, 4, 2, 3, 11, 9, 6, 12, 1, 10, 7]","[5, 7, 10, 3, 1, 9, 8, 12, 6, 11, 4, 2]",598000,0.003137826919555664,
0,10,298,37986,26364,"[8, 1, 12, 6, 9, 11, 3, 2, 4, 5, 10, 7]","[5, 7, 10, 3, 1, 9, 8, 12, 6, 11, 4, 2]",598000,0.0031707286834716797,0.9848286371140498
0,10,299,47128,26364,"[8, 1, 12, 6, 9, 11, 3, 2, 5, 4, 10, 7]","[5, 7, 10, 3, 1, 9, 8, 12, 6, 11, 4, 2]",598000,0.003202199935913086,
0,10,300,37620,26364,"[8, 1, 12, 10, 4, 5, 2, 3, 11, 9, 6, 7]","[5, 7, 10, 3, 1, 9, 8, 12, 6, 11, 4, 2]",598000,0.0032346248626708984,0.9929812688960282
0,10,301,41832,26364,"[6, 9, 11, 3, 2, 5, 4, 10, 12, 1, 8, 7]","[5, 7, 10, 3, 1, 9, 8, 12, 6, 11, 4, 2]",598000,3.2901763916015625e-05,0.9961014216111035
0,10,302,44164,26364,"[6, 9, 11, 12, 10, 4, 5, 2, 3, 1, 8, 7]","[5, 7, 10, 3, 1, 9, 8, 12, 6, 11, 4, 2]",597000,6.461143493652344e-05,
0,10,303,33796,26364,"[6, 9, 11, 7, 8, 1, 3, 2, 5, 4, 10, 12]","[5, 7, 10, 3, 1, 9, 8, 12, 6, 11, 4, 2]",597000,9.72747802734375e-05,0.9743938452550088
0,10,304,49282,26364,"[6, 9, 11, 7, 1, 8, 3, 2, 5, 4, 10, 12]","[5, 7, 10, 3, 1, 9, 8, 12, 6, 11, 4, 2]",597000,0.00012993812561035156,
0,10,305,44524,26364,"[6, 4, 5, 2, 3, 8, 1, 7, 11, 9, 10, 12]","[5, 7, 10, 3, 1, 9, 8, 12, 6, 11, 4, 2]",597000,0.00016188621520996094,
0,10,306,37970,26364,"[6, 4, 7, 1, 8, 3, 2, 5, 11, 9, 10, 12]","[5, 7, 10, 3, 1, 9, 8, 12, 6, 11, 4, 2]",597000,0.000194549560546875,0.998711049167078
0,10,307,38740,26364,"[6, 4, 7, 9, 11, 5, 2, 3, 8, 1, 10, 12]","[5, 7, 10, 3, 1, 9, 8, 12, 6, 11, 4, 2]",597000,0.00022721290588378906,0.9916199000606618
0,10,308,43764,26364,"[6, 4, 3, 2, 5, 11, 9, 7, 8, 1, 10, 12]","[5, 7, 10, 3, 1, 9, 8, 12, 6, 11, 4, 2]",597000,0.00025916099548339844,
0,10,309,39168,26364,"[6, 4, 3, 2, 5, 11, 9, 8, 7, 1, 10, 12]","[5, 7, 10, 3, 1, 9, 8, 12, 6, 11, 4, 2]",597000,0.00029158592224121094,0.9915268881510652
0,10,310,44248,26364,"[5, 2, 3, 4, 6, 11, 9, 8, 7, 1, 10, 12]","[5, 7, 10, 3, 1, 9, 8, 12, 6, 11, 4, 2]",597000,0.0003254413604736328,0.973806448199405
0,10,311,60094,26364,"[3, 2, 5, 4, 6, 11, 9, 8, 7, 1, 10, 12]","[5, 7, 10, 3, 1, 9, 8, 12, 6, 11, 4, 2]",597000,0.00035834312438964844,
0,10,312,55740,26364,"[3, 7, 8, 9, 11, 6, 4, 5, 2, 1, 10, 12]","[5, 7, 10, 3, 1, 9, 8, 12, 6, 11, 4, 2]",597000,0.00039076805114746094,0.9920452084861279
0,10,313,60508,26364,"[3, 7, 5, 4, 6, 11, 9, 8, 2, 1, 10, 12]","[5, 7, 10, 3, 1, 9, 8, 12, 6, 11, 4, 2]",597000,0.00042247772216796875,
0,10,314,50952,26364,"[6, 4, 5, 7, 3, 11, 9, 8, 2, 1, 10, 12]","[5, 7, 10, 3, 1, 9, 8, 12, 6, 11, 4, 2]",597000,0.0004546642303466797,
0,10,315,49314,26364,"[10, 1, 2, 8, 9, 11, 3, 7, 5, 4, 6, 12]","[5, 7, 10, 3, 1, 9, 8, 12, 6, 11, 4, 2]",597000,0.0004863739013671875,
0,10,316,41692,26364,"[10, 5, 7, 3, 11, 9, 8, 2, 1, 4, 6, 12]","[5, 7, 10, 3, 1, 9, 8, 12, 6, 11, 4, 2]",597000,0.000518798828125,0.9896187501447485
0,10,317,47922,26364,"[6, 4, 1, 2, 8, 9, 11, 3, 7, 5, 10, 12]","[5, 7, 10, 3, 1, 9, 8, 12, 6, 11, 4, 2]",597000,0.0005507469177246094,
0,10,318,29882,26364,"[6, 4, 1, 2, 8, 10, 5, 7, 3, 11, 9, 12]","[5, 7, 10, 3, 1, 9, 8, 12, 6, 11, 4, 2]",597000,0.0005834102630615234,0.984826513011842
0,10,319,39010,26364,"[6, 4, 1, 2, 8, 11, 3, 7, 5, 10, 9, 12]","[5, 7, 10, 3, 1, 9, 8, 12, 6, 11, 4, 2]",597000,0.0006155967712402344,
0,10,320,38956,26364,"[6, 4, 11, 8, 2, 1, 3, 7, 5, 10, 9, 12]","[5, 7, 10, 3, 1, 9, 8, 12, 6, 11, 4, 2]",597000,0.0006470680236816406,
0,10,321,31856,26364,"[6, 3, 1, 2, 8, 11, 4, 7, 5, 10, 9, 12]","[5, 7, 10, 3, 1, 9, 8, 12, 6, 11, 4, 2]",597000,0.0006792545318603516,0.969519419696458
0,10,322,50336,26364,"[6, 4, 11, 8, 2, 1, 3, 7, 5, 10, 9, 12]","[5, 7, 10, 3, 1, 9, 8, 12, 6, 11, 4, 2]",597000,0.0007112026214599609,
0,10,323,31856,26364,"[6, 12, 9, 10, 5, 7, 3, 1, 2, 8, 11, 4]","[5, 7, 10, 3, 1, 9, 8, 12, 6, 11, 4, 2]",597000,0.0007448196411132812,0.9837680225846582
0,10,324,41626,26364,"[6, 12, 9, 10, 2, 1, 3, 7, 5, 8, 11, 4]","[5, 7, 10, 3, 1, 9, 8, 12, 6, 11, 4, 2]",597000,0.0007772445678710938,0.9777094748414525
0,10,325,55084,26364,"[6, 12, 9, 1, 2, 10, 3, 7, 5, 8, 11, 4]","[5, 7, 10, 3, 1, 9, 8, 12, 6, 11, 4, 2]",597000,0.0008089542388916016,
0,10,326,54242,26364,"[6, 12, 10, 2, 1, 9, 3, 7, 5, 8, 11, 4]","[5, 7, 10, 3, 1, 9, 8, 12, 6, 11, 4, 2]",597000,0.0008404254913330078,
0,10,327,44730,26364,"[6, 12, 4, 11, 8, 5, 7, 3, 9, 1, 2, 10]","[5, 7, 10, 3, 1, 9, 8, 12, 6, 11, 4, 2]",597000,0.0008721351623535156,
0,10,328,41338,26364,"[6, 12, 4, 11, 8, 3, 7, 5, 9, 1, 2, 10]","[5, 7, 10, 3, 1, 9, 8, 12, 6, 11, 4, 2]",597000,0.0009043216705322266,0.9983899073074983
0,10,329,42300,26364,"[6, 9, 5, 7, 3, 8, 11, 4, 12, 1, 2, 10]","[5, 7, 10, 3, 1, 9, 8, 12, 6, 11, 4, 2]",597000,0.0009362697601318359,
0,10,330,40356,26364,"[6, 9, 4, 11, 8, 3, 7, 5, 12, 1, 2, 10]","[5, 7, 10, 3, 1, 9, 8, 12, 6, 11, 4, 2]",597000,0.00096893310546875,0.993711647265336
0,10,331,44122,26364,"[7, 3, 8, 11, 4, 9, 6, 5, 12, 1, 2, 10]","[5, 7, 10, 3, 1, 9, 8, 12, 6, 11, 4, 2]",597000,0.0010013580322265625,0.9913574960181561
0,10,332,49304,26364,"[7, 3, 8, 11, 4, 9, 6, 2, 1, 12, 5, 10]","[5, 7, 10, 3, 1, 9, 8, 12, 6, 11, 4, 2]",597000,0.0010342597961425781,0.9938481463464247
0,10,333,52988,26364,"[7, 3, 8, 11, 12, 1, 2, 6, 9, 4, 5, 10]","[5, 7, 10, 3, 1, 9, 8, 12, 6, 11, 4, 2]",597000,0.001065969467163086,
0,10,334,43600,26364,"[7, 10, 5, 4, 9, 6, 2, 1, 12, 11, 8, 3]","[5, 7, 10, 3, 1, 9, 8, 12, 6, 11, 4, 2]",597000,0.0010976791381835938,
0,10,335,40814,26364,"[12, 1, 2, 6, 9, 4, 5, 10, 7, 11, 8, 3]","[5, 7, 10, 3, 1, 9, 8, 12, 6, 11, 4, 2]",597000,0.0011303424835205078,0.9761450824146627
0,10,336,55228,26364,"[12, 1, 2, 7, 10, 5, 4, 9, 6, 11, 8, 3]","[5, 7, 10, 3, 1, 9, 8, 12, 6, 11, 4, 2]",597000,0.0011627674102783203,
0,10,337,55044,26364,"[12, 1, 3, 8, 11, 6, 9, 4, 5, 10, 7, 2]","[5, 7, 10, 3, 1, 9, 8, 12, 6, 11, 4, 2]",597000,0.0011944770812988281,
0,10,338,53410,26364,"[12, 1, 3, 8, 11, 7, 10, 5, 4, 9, 6, 2]","[5, 7, 10, 3, 1, 9, 8, 12, 6, 11, 4, 2]",597000,0.0012259483337402344,
0,10,339,46634,26364,"[6, 9, 4, 5, 10, 7, 11, 8, 3, 1, 12, 2]","[5, 7, 10, 3, 1, 9, 8, 12, 6, 11, 4, 2]",597000,0.001257181167602539,
0,10,340,38606,26364,"[6, 9, 4, 3, 8, 11, 7, 10, 5, 1, 12, 2]","[5, 7, 10, 3, 1, 9, 8, 12, 6, 11, 4, 2]",597000,0.0012888908386230469,
0,10,341,37410,26364,"[6, 9, 7, 11, 8, 3, 4, 10, 5, 1, 12, 2]","[5, 7, 10, 3, 1, 9, 8, 12, 6, 11, 4, 2]",597000,0.0013210773468017578,0.9977847019587434
0,10,342,38734,26364,"[6, 9, 7, 11, 1, 5, 10, 4, 3, 8, 12, 2]","[5, 7, 10, 3, 1, 9, 8, 12, 6, 11, 4, 2]",597000,0.0013537406921386719,0.9854271598415748
0,10,343,47498,26364,"[6, 5, 1, 11, 7, 9, 10, 4, 3, 8, 12, 2]","[5, 7, 10, 3, 1, 9, 8, 12, 6, 11, 4, 2]",597000,0.001386404037475586,0.9899105400547584
0,10,344,53552,26364,"[6, 5, 7, 11, 1, 9, 10, 4, 3, 8, 12, 2]","[5, 7, 10, 3, 1, 9, 8, 12, 6, 11, 4, 2]",597000,0.0014185905456542969,
0,10,345,52296,26364,"[6, 5, 7, 9, 1, 11, 10, 4, 3, 8, 12, 2]","[5, 7, 10, 3, 1, 9, 8, 12, 6, 11, 4, 2]",597000,0.0014505386352539062,
0,10,346,41518,26364,"[11, 1, 9, 7, 5, 6, 10, 4, 3, 8, 12, 2]","[5, 7, 10, 3, 1, 9, 8, 12, 6, 11, 4, 2]",597000,0.0014829635620117188,0.9916066121108317
0,10,347,46550,26364,"[11, 3, 4, 10, 6, 5, 7, 9, 1, 8, 12, 2]","[5, 7, 10, 3, 1, 9, 8, 12, 6, 11, 4, 2]",597000,0.0015149116516113281,
0,10,348,39484,26364,"[11, 1, 9, 7, 5, 6, 10, 4, 3, 8, 12, 2]","[5, 7, 10, 3, 1, 9, 8, 12, 6, 11, 4, 2]",597000,0.0015473365783691406,0.9882339222017976
0,10,349,46550,26364,"[11, 1, 9, 7, 5, 6, 10, 4, 3, 8, 2, 12]","[5, 7, 10, 3, 1, 9, 8, 12, 6, 11, 4, 2]",597000,0.0015797615051269531,0.9987813127174671
0,10,350,47278,26364,"[11, 1, 12, 2, 8, 3, 4, 10, 6, 5, 7, 9]","[5, 7, 10, 3, 1, 9, 8, 12, 6, 11, 4, 2]",597000,0.001611471176147461,
0,10,351,44698,26364,"[7, 5, 6, 10, 4, 3, 8, 2, 12, 1, 11, 9]","[5, 7, 10, 3, 1, 9, 8, 12, 6, 11, 4, 2]",597000,0.0016431808471679688,
0,10,352,27686,26364,"[7, 5, 6, 10, 4, 3, 8, 2, 12, 9, 11, 1]","[5, 7, 10, 3, 1, 9, 8, 12, 6, 11, 4, 2]",597000,0.001674652099609375,
0,10,353,27494,26364,"[7, 5, 6, 10, 4, 2, 8, 3, 12, 9, 11, 1]","[5, 7, 10, 3, 1, 9, 8, 12, 6, 11, 4, 2]",597000,0.001706838607788086,0.9641395215156067
0,10,354,49296,26364,"[7, 11, 9, 12, 3, 8, 2, 4, 10, 6, 5, 1]","[5, 7, 10, 3, 1, 9, 8, 12, 6, 11, 4, 2]",597000,0.0017390251159667969,
0,10,355,31698,26364,"[7, 6, 10, 4, 2, 8, 3, 12, 9, 11, 5, 1]","[5, 7, 10, 3, 1, 9, 8, 12, 6, 11, 4, 2]",597000,0.0017728805541992188,0.97118055444453
0,10,356,49156,26364,"[9, 12, 3, 8, 2, 4, 10, 6, 7, 11, 5, 1]","[5, 7, 10, 3, 1, 9, 8, 12, 6, 11, 4, 2]",597000,0.0018053054809570312,
0,10,357,37376,26364,"[9, 12, 1, 5, 11, 7, 6, 10, 4, 2, 8, 3]","[5, 7, 10, 3, 1, 9, 8, 12, 6, 11, 4, 2]",597000,0.0018377304077148438,0.9932290569865232
0,10,358,41432,26364,"[9, 12, 1, 5, 11, 7, 6, 10, 8, 2, 4, 3]","[5, 7, 10, 3, 1, 9, 8, 12, 6, 11, 4, 2]",597000,0.0018706321716308594,0.9998760545830405
0,10,359,41506,26364,"[9, 12, 1, 8, 10, 6, 7, 11, 5, 2, 4, 3]","[5, 7, 10, 3, 1, 9, 8, 12, 6, 11, 4, 2]",597000,0.0019028186798095703,0.987419833765515
0,10,360,49064,26364,"[9, 12, 1, 8, 10, 6, 2, 5, 11, 7, 4, 3]","[5, 7, 10, 3, 1, 9, 8, 12, 6, 11, 4, 2]",597000,0.0019347667694091797,
0,10,361,33988,26364,"[5, 2, 6, 10, 8, 1, 12, 9, 11, 7, 4, 3]","[5, 7, 10, 3, 1, 9, 8, 12, 6, 11, 4, 2]",597000,0.001967191696166992,0.9815952600418061
0,10,362,45078,26364,"[5, 2, 6, 10, 8, 9, 12, 1, 11, 7, 4, 3]","[5, 7, 10, 3, 1, 9, 8, 12, 6, 11, 4, 2]",597000,0.0019991397857666016,
0,10,363,40984,26364,"[5, 2, 6, 10, 8, 9, 12, 3, 4, 7, 11, 1]","[5, 7, 10, 3, 1, 9, 8, 12, 6, 11, 4, 2]",597000,0.002031564712524414,0.9890420550520257
0,10,364,47562,26364,"[5, 1, 11, 7, 4, 3, 12, 9, 8, 10, 6, 2]","[5, 7, 10, 3, 1, 9, 8, 12, 6, 11, 4, 2]",597000,0.002064228057861328,0.9967556929350855
0,10,365,49502,26364,"[5, 1, 11, 7, 4, 3, 12, 9, 10, 8, 6, 2]","[5, 7, 10, 3, 1, 9, 8, 12, 6, 11, 4, 2]",597000,0.002095937728881836,
0,10,366,48110,26364,"[5, 1, 11, 12, 3, 4, 7, 9, 10, 8, 6, 2]","[5, 7, 10, 3, 1, 9, 8, 12, 6, 11, 4, 2]",597000,0.002128124237060547,
0,10,367,41260,26364,"[5, 2, 6, 8, 10, 9, 7, 4, 3, 12, 11, 1]","[5, 7, 10, 3, 1, 9, 8, 12, 6, 11, 4, 2]",597000,0.002160787582397461,0.9717859007577199
0,10,368,58346,26364,"[5, 2, 6, 1, 11, 12, 3, 4, 7, 9, 10, 8]","[5, 7, 10, 3, 1, 9, 8, 12, 6, 11, 4, 2]",597000,0.0021927356719970703,
0,10,369,43460,26364,"[5, 2, 6, 1, 9, 7, 4, 3, 12, 11, 10, 8]","[5, 7, 10, 3, 1, 9, 8, 12, 6, 11, 4, 2]",597000,0.002225637435913086,0.9853380297576839
0,10,370,52278,26364,"[5, 2, 6, 1, 9, 7, 4, 3, 12, 8, 10, 11]","[5, 7, 10, 3, 1, 9, 8, 12, 6, 11, 4, 2]",597000,0.002258777618408203,0.9961481410313243
0,10,371,54582,26364,"[5, 2, 6, 1, 9, 11, 10, 8, 12, 3, 4, 7]","[5, 7, 10, 3, 1, 9, 8, 12, 6, 11, 4, 2]",597000,0.0022916793823242188,0.979197641775589
0,10,372,67132,26364,"[5, 2, 6, 1, 7, 4, 3, 12, 8, 10, 11, 9]","[5, 7, 10, 3, 1, 9, 8, 12, 6, 11, 4, 2]",597000,0.002323627471923828,
0,10,373,55114,26364,"[5, 2, 4, 7, 1, 6, 3, 12, 8, 10, 11, 9]","[5, 7, 10, 3, 1, 9, 8, 12, 6, 11, 4, 2]",597000,0.002356290817260742,0.992493973620161
0,10,374,59612,26364,"[12, 3, 6, 1, 7, 4, 2, 5, 8, 10, 11, 9]","[5, 7, 10, 3, 1, 9, 8, 12, 6, 11, 4, 2]",597000,0.0023889541625976562,
0,10,375,37090,26364,"[12, 3, 9, 11, 10, 8, 5, 2, 4, 7, 1, 6]","[5, 7, 10, 3, 1, 9, 8, 12, 6, 11, 4, 2]",597000,0.002423524856567383,0.9763740210019538
0,10,376,51364,26364,"[12, 3, 9, 8, 10, 11, 5, 2, 4, 7, 1, 6]","[5, 7, 10, 3, 1, 9, 8, 12, 6, 11, 4, 2]",597000,0.0024559497833251953,0.9986675551606254
0,10,377,52160,26364,"[12, 3, 9, 1, 7, 4, 2, 5, 11, 10, 8, 6]","[5, 7, 10, 3, 1, 9, 8, 12, 6, 11, 4, 2]",597000,0.0024878978729248047,
0,10,378,35574,26364,"[12, 3, 9, 6, 8, 10, 11, 5, 2, 4, 7, 1]","[5, 7, 10, 3, 1, 9, 8, 12, 6, 11, 4, 2]",597000,0.0025205612182617188,0.9643462603591028
0,10,379,57248,26364,"[12, 3, 1, 7, 4, 2, 5, 11, 10, 8, 6, 9]","[5, 7, 10, 3, 1, 9, 8, 12, 6, 11, 4, 2]",597000,0.0025522708892822266,
0,10,380,48996,26364,"[12, 3, 1, 7, 4, 2, 5, 11, 8, 10, 6, 9]","[5, 7, 10, 3, 1, 9, 8, 12, 6, 11, 4, 2]",597000,0.002584695816040039,0.979827680048323
0,10,381,61162,26364,"[12, 10, 8, 11, 5, 2, 4, 7, 1, 3, 6, 9]","[5, 7, 10, 3, 1, 9, 8, 12, 6, 11, 4, 2]",597000,0.0026166439056396484,
0,10,382,57414,26364,"[12, 10, 8, 3, 1, 7, 4, 2, 5, 11, 6, 9]","[5, 7, 10, 3, 1, 9, 8, 12, 6, 11, 4, 2]",597000,0.002648591995239258,
0,10,383,56436,26364,"[3, 8, 10, 12, 1, 7, 4, 2, 5, 11, 6, 9]","[5, 7, 10, 3, 1, 9, 8, 12, 6, 11, 4, 2]",597000,0.0026807785034179688,0.9925006235183089
0,10,384,60930,26364,"[3, 9, 6, 11, 5, 2, 4, 7, 1, 12, 10, 8]","[5, 7, 10, 3, 1, 9, 8, 12, 6, 11, 4, 2]",597000,0.0027132034301757812,
0,10,385,41642,26364,"[12, 1, 7, 4, 2, 5, 11, 6, 9, 3, 10, 8]","[5, 7, 10, 3, 1, 9, 8, 12, 6, 11, 4, 2]",597000,0.002746105194091797,0.9558709846734402
0,10,386,68586,26364,"[12, 1, 7, 5, 2, 4, 11, 6, 9, 3, 10, 8]","[5, 7, 10, 3, 1, 9, 8, 12, 6, 11, 4, 2]",597000,0.0027778148651123047,
0,10,387,62286,26364,"[12, 2, 5, 7, 1, 4, 11, 6, 9, 3, 10, 8]","[5, 7, 10, 3, 1, 9, 8, 12, 6, 11, 4, 2]",597000,0.002809762954711914,
0,10,388,53634,26364,"[12, 8, 10, 3, 9, 6, 11, 4, 1, 7, 5, 2]","[5, 7, 10, 3, 1, 9, 8, 12, 6, 11, 4, 2]",597000,0.0028417110443115234,
0,10,389,51330,26364,"[12, 8, 10, 3, 9, 6, 11, 7, 1, 4, 5, 2]","[5, 7, 10, 3, 1, 9, 8, 12, 6, 11, 4, 2]",597000,0.0028731822967529297,
0,10,390,50516,26364,"[12, 8, 10, 3, 9, 7, 11, 6, 1, 4, 5, 2]","[5, 7, 10, 3, 1, 9, 8, 12, 6, 11, 4, 2]",597000,0.0029103755950927734,
0,10,391,50166,26364,"[12, 8, 10, 3, 9, 7, 4, 1, 6, 11, 5, 2]","[5, 7, 10, 3, 1, 9, 8, 12, 6, 11, 4, 2]",597000,0.0029456615447998047,0.9868212782708252
0,10,392,58086,26364,"[12, 8, 10, 3, 2, 5, 11, 6, 1, 4, 7, 9]","[5, 7, 10, 3, 1, 9, 8, 12, 6, 11, 4, 2]",597000,0.0029783248901367188,
0,10,393,38268,26364,"[12, 8, 10, 6, 11, 5, 2, 3, 1, 4, 7, 9]","[5, 7, 10, 3, 1, 9, 8, 12, 6, 11, 4, 2]",597000,0.0030107498168945312,
0,10,394,35986,26364,"[12, 7, 4, 1, 3, 2, 5, 11, 6, 10, 8, 9]","[5, 7, 10, 3, 1, 9, 8, 12, 6, 11, 4, 2]",597000,0.003043651580810547,0.973659654272361
0,10,395,51922,26364,"[12, 7, 4, 1, 3, 10, 6, 11, 5, 2, 8, 9]","[5, 7, 10, 3, 1, 9, 8, 12, 6, 11, 4, 2]",597000,0.0030755996704101562,
0,10,396,42356,26364,"[12, 7, 4, 10, 3, 1, 6, 11, 5, 2, 8, 9]","[5, 7, 10, 3, 1, 9, 8, 12, 6, 11, 4, 2]",597000,0.0031075477600097656,
0,10,397,41676,26364,"[12, 7, 3, 10, 4, 1, 6, 11, 5, 2, 8, 9]","[5, 7, 10, 3, 1, 9, 8, 12, 6, 11, 4, 2]",597000,0.003139972686767578,0.9909557206480855
0,10,398,47100,26364,"[12, 1, 4, 10, 3, 7, 6, 11, 5, 2, 8, 9]","[5, 7, 10, 3, 1, 9, 8, 12, 6, 11, 4, 2]",597000,0.003172636032104492,0.9918125953443663
0,10,399,52008,26364,"[12, 1, 4, 10, 3, 2, 5, 11, 6, 7, 8, 9]","[5, 7, 10, 3, 1, 9, 8, 12, 6, 11, 4, 2]",597000,0.0032050609588623047,0.9897314769582305
0,10,400,58170,26364,"[12, 1, 4, 10, 3, 2, 5, 9, 8, 7, 6, 11]","[5, 7, 10, 3, 1, 9, 8, 12, 6, 11, 4, 2]",597000,0.0032367706298828125,
0,10,401,54740,26364,"[12, 6, 7, 8, 9, 5, 2, 3, 10, 4, 1, 11]","[5, 7, 10, 3, 1, 9, 8, 12, 6, 11, 4, 2]",597000,3.361701965332031e-05,
0,10,402,38140,26364,"[12, 6, 4, 10, 3, 2, 5, 9, 8, 7, 1, 11]","[5, 7, 10, 3, 1, 9, 8, 12, 6, 11, 4, 2]",596000,6.67572021484375e-05,0.9862133678901203
0,10,403,46414,26364,"[12, 6, 4, 10, 3, 2, 5, 9, 11, 1, 7, 8]","[5, 7, 10, 3, 1, 9, 8, 12, 6, 11, 4, 2]",596000,9.918212890625e-05,0.9865046416880756
0,10,404,54512,26364,"[12, 6, 10, 4, 3, 2, 5, 9, 11, 1, 7, 8]","[5, 7, 10, 3, 1, 9, 8, 12, 6, 11, 4, 2]",596000,0.0001308917999267578,
0,10,405,51346,26364,"[12, 6, 1, 11, 9, 5, 2, 3, 4, 10, 7, 8]","[5, 7, 10, 3, 1, 9, 8, 12, 6, 11, 4, 2]",596000,0.00016260147094726562,
0,10,406,42004,26364,"[12, 6, 1, 11, 9, 5, 2, 10, 4, 3, 7, 8]","[5, 7, 10, 3, 1, 9, 8, 12, 6, 11, 4, 2]",596000,0.00019669532775878906,0.9952929920424756
0,10,407,44816,26364,"[12, 6, 1, 5, 9, 11, 2, 10, 4, 3, 7, 8]","[5, 7, 10, 3, 1, 9, 8, 12, 6, 11, 4, 2]",596000,0.00022935867309570312,
0,10,408,36170,26364,"[4, 10, 2, 11, 9, 5, 1, 6, 12, 3, 7, 8]","[5, 7, 10, 3, 1, 9, 8, 12, 6, 11, 4, 2]",596000,0.00026226043701171875,0.9803467010612501
0,10,409,48000,26364,"[4, 10, 7, 3, 12, 6, 1, 5, 9, 11, 2, 8]","[5, 7, 10, 3, 1, 9, 8, 12, 6, 11, 4, 2]",596000,0.0002942085266113281,
0,10,410,32144,26364,"[4, 8, 2, 11, 9, 5, 1, 6, 12, 3, 7, 10]","[5, 7, 10, 3, 1, 9, 8, 12, 6, 11, 4, 2]",596000,0.0003268718719482422,0.9729660978920653
0,10,411,48478,26364,"[4, 8, 2, 11, 5, 9, 1, 6, 12, 3, 7, 10]","[5, 7, 10, 3, 1, 9, 8, 12, 6, 11, 4, 2]",596000,0.00035953521728515625,0.9877103701695659
0,10,412,55848,26364,"[4, 6, 1, 9, 5, 11, 2, 8, 12, 3, 7, 10]","[5, 7, 10, 3, 1, 9, 8, 12, 6, 11, 4, 2]",596000,0.0003910064697265625,
0,10,413,34708,26364,"[4, 6, 12, 8, 2, 11, 5, 9, 1, 3, 7, 10]","[5, 7, 10, 3, 1, 9, 8, 12, 6, 11, 4, 2]",596000,0.0004227161407470703,
0,10,414,32094,26364,"[9, 5, 11, 2, 8, 12, 6, 4, 1, 3, 7, 10]","[5, 7, 10, 3, 1, 9, 8, 12, 6, 11, 4, 2]",596000,0.0004551410675048828,0.9791302474072328
0,10,415,44664,26364,"[9, 5, 11, 2, 8, 10, 7, 3, 1, 4, 6, 12]","[5, 7, 10, 3, 1, 9, 8, 12, 6, 11, 4, 2]",596000,0.0005257129669189453,
0,10,416,41842,26364,"[9, 5, 12, 6, 4, 1, 3, 7, 10, 8, 2, 11]","[5, 7, 10, 3, 1, 9, 8, 12, 6, 11, 4, 2]",596000,0.0005581378936767578,0.9802249877183111
0,10,417,53746,26364,"[4, 6, 12, 5, 9, 1, 3, 7, 10, 8, 2, 11]","[5, 7, 10, 3, 1, 9, 8, 12, 6, 11, 4, 2]",596000,0.0005900859832763672,
0,10,418,48084,26364,"[8, 10, 7, 3, 1, 9, 5, 12, 6, 4, 2, 11]","[5, 7, 10, 3, 1, 9, 8, 12, 6, 11, 4, 2]",596000,0.000621795654296875,
0,10,419,47280,26364,"[8, 11, 2, 4, 6, 12, 5, 9, 1, 3, 7, 10]","[5, 7, 10, 3, 1, 9, 8, 12, 6, 11, 4, 2]",596000,0.0006535053253173828,
0,10,420,38272,26364,"[8, 11, 2, 5, 12, 6, 4, 9, 1, 3, 7, 10]","[5, 7, 10, 3, 1, 9, 8, 12, 6, 11, 4, 2]",596000,0.0006849765777587891,
0,10,421,33842,26364,"[4, 6, 12, 5, 2, 11, 8, 9, 1, 3, 7, 10]","[5, 7, 10, 3, 1, 9, 8, 12, 6, 11, 4, 2]",596000,0.0007171630859375,0.9984944231103702
0,10,422,34740,26364,"[4, 6, 12, 5, 2, 1, 9, 8, 11, 3, 7, 10]","[5, 7, 10, 3, 1, 9, 8, 12, 6, 11, 4, 2]",596000,0.0007500648498535156,0.9769772172417658
0,10,423,48622,26364,"[4, 6, 12, 8, 9, 1, 2, 5, 11, 3, 7, 10]","[5, 7, 10, 3, 1, 9, 8, 12, 6, 11, 4, 2]",596000,0.0007817745208740234,
0,10,424,35632,26364,"[4, 6, 12, 9, 8, 1, 2, 5, 11, 3, 7, 10]","[5, 7, 10, 3, 1, 9, 8, 12, 6, 11, 4, 2]",596000,0.0008141994476318359,0.9997986779861178
0,10,425,35752,26364,"[1, 8, 9, 12, 6, 4, 2, 5, 11, 3, 7, 10]","[5, 7, 10, 3, 1, 9, 8, 12, 6, 11, 4, 2]",596000,0.0008463859558105469,0.9939445828861285
0,10,426,39372,26364,"[1, 8, 9, 3, 11, 5, 2, 4, 6, 12, 7, 10]","[5, 7, 10, 3, 1, 9, 8, 12, 6, 11, 4, 2]",596000,0.0008800029754638672,0.9812913152679117
0,10,427,50628,26364,"[7, 12, 6, 4, 2, 5, 11, 3, 9, 8, 1, 10]","[5, 7, 10, 3, 1, 9, 8, 12, 6, 11, 4, 2]",596000,0.0009121894836425781,
0,10,428,48050,26364,"[7, 3, 11, 5, 2, 4, 6, 12, 9, 8, 1, 10]","[5, 7, 10, 3, 1, 9, 8, 12, 6, 11, 4, 2]",596000,0.0009436607360839844,
0,10,429,39546,26364,"[7, 3, 11, 5, 2, 4, 6, 12, 9, 1, 8, 10]","[5, 7, 10, 3, 1, 9, 8, 12, 6, 11, 4, 2]",596000,0.0009763240814208984,0.9979551137687275
0,10,430,40766,26364,"[7, 1, 9, 12, 6, 4, 2, 5, 11, 3, 8, 10]","[5, 7, 10, 3, 1, 9, 8, 12, 6, 11, 4, 2]",596000,0.0010082721710205078,
0,10,431,28546,26364,"[7, 10, 8, 3, 11, 5, 2, 4, 6, 12, 9, 1]","[5, 7, 10, 3, 1, 9, 8, 12, 6, 11, 4, 2]",596000,0.0010406970977783203,0.9728387717346708
0,10,432,44958,26364,"[7, 10, 6, 4, 2, 5, 11, 3, 8, 12, 9, 1]","[5, 7, 10, 3, 1, 9, 8, 12, 6, 11, 4, 2]",596000,0.0010721683502197266,
0,10,433,36252,26364,"[7, 10, 6, 1, 9, 12, 8, 3, 11, 5, 2, 4]","[5, 7, 10, 3, 1, 9, 8, 12, 6, 11, 4, 2]",596000,0.0011050701141357422,0.9906613284509568
0,10,434,41844,26364,"[7, 10, 6, 1, 9, 4, 2, 5, 11, 3, 8, 12]","[5, 7, 10, 3, 1, 9, 8, 12, 6, 11, 4, 2]",596000,0.00113677978515625,
0,10,435,28424,26364,"[7, 10, 8, 3, 11, 5, 2, 4, 9, 1, 6, 12]","[5, 7, 10, 3, 1, 9, 8, 12, 6, 11, 4, 2]",596000,0.001169443130493164,0.9912632216263523
0,10,436,33654,26364,"[7, 10, 6, 1, 9, 4, 2, 5, 11, 3, 8, 12]","[5, 7, 10, 3, 1, 9, 8, 12, 6, 11, 4, 2]",596000,0.0012011528015136719,
0,10,437,28424,26364,"[7, 10, 2, 4, 9, 1, 6, 5, 11, 3, 8, 12]","[5, 7, 10, 3, 1, 9, 8, 12, 6, 11, 4, 2]",596000,0.0012331008911132812,
0,10,438,24138,24138,"[7, 10, 2, 4, 9, 1, 5, 6, 11, 3, 8, 12]","[7, 10, 2, 4, 9, 1, 6, 5, 11, 3, 8, 12]",596000,0.0012655258178710938,0.9713186757851311
0,10,439,41482,24138,"[7, 10, 2, 4, 9, 1, 6, 5, 11, 3, 8, 12]","[7, 10, 2, 4, 9, 1, 6, 5, 11, 3, 8, 12]",596000,0.0012974739074707031,
0,10,440,24138,24138,"[7, 8, 3, 11, 5, 6, 1, 9, 4, 2, 10, 12]","[7, 10, 2, 4, 9, 1, 6, 5, 11, 3, 8, 12]",596000,0.0013303756713867188,0.9639931010931286
0,10,441,45994,24138,"[7, 8, 3, 11, 5, 6, 4, 9, 1, 2, 10, 12]","[7, 10, 2, 4, 9, 1, 6, 5, 11, 3, 8, 12]",596000,0.0013620853424072266,
0,10,442,42600,24138,"[7, 8, 3, 12, 10, 2, 1, 9, 4, 6, 5, 11]","[7, 10, 2, 4, 9, 1, 6, 5, 11, 3, 8, 12]",596000,0.001394510269165039,0.9872431412435355
0,10,443,50252,24138,"[7, 8, 3, 12, 10, 2, 1, 9, 11, 5, 6, 4]","[7, 10, 2, 4, 9, 1, 6, 5, 11, 3, 8, 12]",596000,0.0014271736145019531,0.9852243413370884
0,10,444,59124,24138,"[7, 8, 3, 12, 10, 2, 11, 9, 1, 5, 6, 4]","[7, 10, 2, 4, 9, 1, 6, 5, 11, 3, 8, 12]",596000,0.0014643669128417969,0.9931610765006317
0,10,445,63214,24138,"[7, 4, 6, 5, 1, 9, 11, 2, 10, 12, 3, 8]","[7, 10, 2, 4, 9, 1, 6, 5, 11, 3, 8, 12]",596000,0.0014965534210205078,
0,10,446,36070,24138,"[7, 5, 6, 4, 1, 9, 11, 2, 10, 12, 3, 8]","[7, 10, 2, 4, 9, 1, 6, 5, 11, 3, 8, 12]",596000,0.0015289783477783203,0.9977039821724094
0,10,447,37440,24138,"[7, 5, 6, 4, 1, 9, 11, 2, 8, 3, 12, 10]","[7, 10, 2, 4, 9, 1, 6, 5, 11, 3, 8, 12]",596000,0.0015614032745361328,0.9887217992955135
0,10,448,44200,24138,"[7, 5, 12, 3, 8, 2, 11, 9, 1, 4, 6, 10]","[7, 10, 2, 4, 9, 1, 6, 5, 11, 3, 8, 12]",596000,0.0015935897827148438,
0,10,449,44182,24138,"[7, 5, 10, 6, 4, 1, 9, 11, 2, 8, 3, 12]","[7, 10, 2, 4, 9, 1, 6, 5, 11, 3, 8, 12]",596000,0.00162506103515625,
0,10,450,38550,24138,"[7, 4, 6, 10, 5, 1, 9, 11, 2, 8, 3, 12]","[7, 10, 2, 4, 9, 1, 6, 5, 11, 3, 8, 12]",596000,0.0016567707061767578,
0,10,451,30794,24138,"[7, 4, 6, 10, 5, 1, 9, 3, 8, 2, 11, 12]","[7, 10, 2, 4, 9, 1, 6, 5, 11, 3, 8, 12]",596000,0.0016889572143554688,0.9873027751805906
0,10,452,38410,24138,"[7, 8, 3, 9, 1, 5, 10, 6, 4, 2, 11, 12]","[7, 10, 2, 4, 9, 1, 6, 5, 11, 3, 8, 12]",596000,0.0017213821411132812,0.9843783375538881
0,10,453,47794,24138,"[7, 8, 2, 4, 6, 10, 5, 1, 9, 3, 11, 12]","[7, 10, 2, 4, 9, 1, 6, 5, 11, 3, 8, 12]",596000,0.0017540454864501953,0.9941747510630239
0,10,454,51276,24138,"[7, 8, 12, 11, 3, 9, 1, 5, 10, 6, 4, 2]","[7, 10, 2, 4, 9, 1, 6, 5, 11, 3, 8, 12]",596000,0.0017864704132080078,0.98902708939
0,10,455,57852,24138,"[7, 8, 5, 1, 9, 3, 11, 12, 10, 6, 4, 2]","[7, 10, 2, 4, 9, 1, 6, 5, 11, 3, 8, 12]",596000,0.0018181800842285156,
0,10,456,46498,24138,"[10, 12, 11, 3, 9, 1, 5, 8, 7, 6, 4, 2]","[7, 10, 2, 4, 9, 1, 6, 5, 11, 3, 8, 12]",596000,0.0018508434295654297,0.9772919988577441
0,10,457,60188,24138,"[10, 12, 11, 1, 9, 3, 5, 8, 7, 6, 4, 2]","[7, 10, 2, 4, 9, 1, 6, 5, 11, 3, 8, 12]",596000,0.0018825531005859375,
0,10,458,52630,24138,"[10, 12, 11, 1, 9, 3, 5, 8, 7, 4, 6, 2]","[7, 10, 2, 4, 9, 1, 6, 5, 11, 3, 8, 12]",596000,0.0019140243530273438,
0,10,459,50948,24138,"[10, 12, 11, 1, 6, 4, 7, 8, 5, 3, 9, 2]","[7, 10, 2, 4, 9, 1, 6, 5, 11, 3, 8, 12]",596000,0.0019462108612060547,0.9794457227285531
0,10,460,63326,24138,"[10, 12, 11, 2, 9, 3, 5, 8, 7, 4, 6, 1]","[7, 10, 2, 4, 9, 1, 6, 5, 11, 3, 8, 12]",596000,0.0019779205322265625,
0,10,461,51524,24138,"[10, 12, 11, 1, 6, 4, 7, 8, 5, 3, 9, 2]","[7, 10, 2, 4, 9, 1, 6, 5, 11, 3, 8, 12]",596000,0.0020105838775634766,0.9803927586995582
0,10,462,63326,24138,"[10, 12, 11, 1, 2, 9, 3, 5, 8, 7, 4, 6]","[7, 10, 2, 4, 9, 1, 6, 5, 11, 3, 8, 12]",596000,0.0020422935485839844,
0,10,463,40694,24138,"[10, 12, 2, 1, 11, 9, 3, 5, 8, 7, 4, 6]","[7, 10, 2, 4, 9, 1, 6, 5, 11, 3, 8, 12]",596000,0.0020771026611328125,0.9909406146290047
0,10,464,46118,24138,"[10, 12, 7, 8, 5, 3, 9, 11, 1, 2, 4, 6]","[7, 10, 2, 4, 9, 1, 6, 5, 11, 3, 8, 12]",596000,0.002110004425048828,0.9878495874817873
0,10,465,53404,24138,"[10, 12, 7, 2, 1, 11, 9, 3, 5, 8, 4, 6]","[7, 10, 2, 4, 9, 1, 6, 5, 11, 3, 8, 12]",596000,0.002142190933227539,
0,10,466,48176,24138,"[3, 9, 11, 1, 2, 7, 12, 10, 5, 8, 4, 6]","[7, 10, 2, 4, 9, 1, 6, 5, 11, 3, 8, 12]",596000,0.0021750926971435547,
0,10,467,43376,24138,"[3, 9, 5, 10, 12, 7, 2, 1, 11, 8, 4, 6]","[7, 10, 2, 4, 9, 1, 6, 5, 11, 3, 8, 12]",596000,0.002208232879638672,0.9918954366134345
0,10,468,48226,24138,"[4, 8, 11, 1, 2, 7, 12, 10, 5, 9, 3, 6]","[7, 10, 2, 4, 9, 1, 6, 5, 11, 3, 8, 12]",596000,0.0022401809692382812,
0,10,469,46240,24138,"[4, 8, 3, 9, 5, 10, 12, 7, 2, 1, 11, 6]","[7, 10, 2, 4, 9, 1, 6, 5, 11, 3, 8, 12]",596000,0.002271890640258789,
0,10,470,36290,24138,"[4, 8, 11, 1, 2, 7, 12, 10, 5, 9, 3, 6]","[7, 10, 2, 4, 9, 1, 6, 5, 11, 3, 8, 12]",596000,0.002304553985595703,0.9834439522080003
0,10,471,46240,24138,"[4, 12, 7, 2, 1, 11, 8, 10, 5, 9, 3, 6]","[7, 10, 2, 4, 9, 1, 6, 5, 11, 3, 8, 12]",596000,0.002336740493774414,
0,10,472,43592,24138,"[4, 12, 6, 3, 9, 5, 10, 8, 11, 1, 2, 7]","[7, 10, 2, 4, 9, 1, 6, 5, 11, 3, 8, 12]",596000,0.002369403839111328,0.9902724538711675
0,10,473,49418,24138,"[4, 7, 2, 1, 11, 8, 10, 5, 9, 3, 6, 12]","[7, 10, 2, 4, 9, 1, 6, 5, 11, 3, 8, 12]",596000,0.0024013519287109375,
0,10,474,44674,24138,"[7, 4, 2, 1, 11, 8, 10, 5, 9, 3, 6, 12]","[7, 10, 2, 4, 9, 1, 6, 5, 11, 3, 8, 12]",596000,0.0024330615997314453,
0,10,475,35192,24138,"[9, 5, 10, 8, 11, 1, 2, 4, 7, 3, 6, 12]","[7, 10, 2, 4, 9, 1, 6, 5, 11, 3, 8, 12]",596000,0.002465963363647461,0.9773838292657092
0,10,476,48826,24138,"[9, 5, 6, 3, 7, 4, 2, 1, 11, 8, 10, 12]","[7, 10, 2, 4, 9, 1, 6, 5, 11, 3, 8, 12]",596000,0.0024983882904052734,0.9831469837803264
0,10,477,58956,24138,"[9, 5, 10, 8, 11, 1, 2, 4, 7, 3, 6, 12]","[7, 10, 2, 4, 9, 1, 6, 5, 11, 3, 8, 12]",596000,0.002530336380004883,
0,10,478,48826,24138,"[9, 5, 10, 8, 11, 1, 2, 6, 3, 7, 4, 12]","[7, 10, 2, 4, 9, 1, 6, 5, 11, 3, 8, 12]",596000,0.002562999725341797,0.9859916602788272
0,10,479,57234,24138,"[9, 5, 10, 2, 1, 11, 8, 6, 3, 7, 4, 12]","[7, 10, 2, 4, 9, 1, 6, 5, 11, 3, 8, 12]",596000,0.0025947093963623047,
0,10,480,49092,24138,"[9, 5, 4, 7, 3, 6, 8, 11, 1, 2, 10, 12]","[7, 10, 2, 4, 9, 1, 6, 5, 11, 3, 8, 12]",596000,0.002627134323120117,0.9877368862401201
0,10,481,56446,24138,"[9, 5, 4, 10, 2, 1, 11, 8, 6, 3, 7, 12]","[7, 10, 2, 4, 9, 1, 6, 5, 11, 3, 8, 12]",596000,0.0026597976684570312,0.9963589935907092
0,10,482,58620,24138,"[9, 5, 4, 10, 8, 11, 1, 2, 6, 3, 7, 12]","[7, 10, 2, 4, 9, 1, 6, 5, 11, 3, 8, 12]",596000,0.002691507339477539,
0,10,483,48746,24138,"[9, 5, 4, 6, 2, 1, 11, 8, 10, 3, 7, 12]","[7, 10, 2, 4, 9, 1, 6, 5, 11, 3, 8, 12]",596000,0.0027239322662353516,0.9939145648788659
0,10,484,52384,24138,"[9, 5, 4, 8, 11, 1, 2, 6, 10, 3, 7, 12]","[7, 10, 2, 4, 9, 1, 6, 5, 11, 3, 8, 12]",596000,0.0027565956115722656,0.9933777292218733
0,10,485,56344,24138,"[9, 5, 4, 8, 11, 3, 10, 6, 2, 1, 7, 12]","[7, 10, 2, 4, 9, 1, 6, 5, 11, 3, 8, 12]",596000,0.002788543701171875,
0,10,486,47178,24138,"[9, 5, 12, 7, 1, 2, 6, 10, 3, 11, 8, 4]","[7, 10, 2, 4, 9, 1, 6, 5, 11, 3, 8, 12]",596000,0.002820730209350586,0.9696447580709316
0,10,487,65550,24138,"[9, 5, 10, 6, 2, 1, 7, 12, 3, 11, 8, 4]","[7, 10, 2, 4, 9, 1, 6, 5, 11, 3, 8, 12]",596000,0.0028524398803710938,
0,10,488,45850,24138,"[9, 5, 11, 3, 12, 7, 1, 2, 6, 10, 8, 4]","[7, 10, 2, 4, 9, 1, 6, 5, 11, 3, 8, 12]",596000,0.0028841495513916016,
0,10,489,41654,24138,"[9, 5, 11, 3, 12, 7, 1, 4, 8, 10, 6, 2]","[7, 10, 2, 4, 9, 1, 6, 5, 11, 3, 8, 12]",596000,0.0029168128967285156,0.9998422943160435
0,10,490,41748,24138,"[4, 1, 7, 12, 3, 11, 5, 9, 8, 10, 6, 2]","[7, 10, 2, 4, 9, 1, 6, 5, 11, 3, 8, 12]",596000,0.0029485225677490234,
0,10,491,39556,24138,"[4, 1, 6, 10, 8, 9, 5, 11, 3, 12, 7, 2]","[7, 10, 2, 4, 9, 1, 6, 5, 11, 3, 8, 12]",596000,0.002980470657348633,
0,10,492,37422,24138,"[4, 1, 6, 10, 8, 9, 2, 7, 12, 3, 11, 5]","[7, 10, 2, 4, 9, 1, 6, 5, 11, 3, 8, 12]",596000,0.0030128955841064453,0.9897774414076606
0,10,493,43546,24138,"[6, 1, 4, 10, 8, 9, 2, 7, 12, 3, 11, 5]","[7, 10, 2, 4, 9, 1, 6, 5, 11, 3, 8, 12]",596000,0.003045320510864258,0.9882408268540103
0,10,494,50596,24138,"[11, 3, 12, 7, 2, 9, 8, 10, 4, 1, 6, 5]","[7, 10, 2, 4, 9, 1, 6, 5, 11, 3, 8, 12]",596000,0.003077268600463867,
0,10,495,46906,24138,"[11, 4, 10, 8, 9, 2, 7, 12, 3, 1, 6, 5]","[7, 10, 2, 4, 9, 1, 6, 5, 11, 3, 8, 12]",596000,0.003109455108642578,0.9856079261359811
0,10,496,55546,24138,"[11, 4, 10, 5, 6, 1, 3, 12, 7, 2, 9, 8]","[7, 10, 2, 4, 9, 1, 6, 5, 11, 3, 8, 12]",596000,0.0031414031982421875,
0,10,497,39102,24138,"[11, 4, 10, 5, 6, 1, 3, 2, 7, 12, 9, 8]","[7, 10, 2, 4, 9, 1, 6, 5, 11, 3, 8, 12]",596000,0.0031731128692626953,
0,10,498,37906,24138,"[11, 4, 10, 5, 6, 8, 9, 12, 7, 2, 3, 1]","[7, 10, 2, 4, 9, 1, 6, 5, 11, 3, 8, 12]",596000,0.003205537796020508,0.9963322460572928
0,10,499,40096,24138,"[11, 4, 10, 5, 6, 8, 9, 1, 3, 2, 7, 12]","[7, 10, 2, 4, 9, 1, 6, 5, 11, 3, 8, 12]",596000,0.003237485885620117,
0,10,500,37854,24138,"[11, 4, 10, 6, 5, 8, 9, 1, 3, 2, 7, 12]","[7, 10, 2, 4, 9, 1, 6, 5, 11, 3, 8, 12]",596000,0.0032701492309570312,0.999664485827674
0,10,501,38054,24138,"[11, 4, 10, 2, 3, 1, 9, 8, 5, 6, 7, 12]","[7, 10, 2, 4, 9, 1, 6, 5, 11, 3, 8, 12]",596000,3.266334533691406e-05,0.9905724517182464
0,10,502,43690,24138,"[11, 4, 10, 1, 3, 2, 9, 8, 5, 6, 7, 12]","[7, 10, 2, 4, 9, 1, 6, 5, 11, 3, 8, 12]",595000,6.556510925292969e-05,0.9997848970875294
0,10,503,43818,24138,"[11, 4, 5, 8, 9, 2, 3, 1, 10, 6, 7, 12]","[7, 10, 2, 4, 9, 1, 6, 5, 11, 3, 8, 12]",595000,9.751319885253906e-05,
0,10,504,42018,24138,"[2, 9, 8, 5, 4, 11, 3, 1, 10, 6, 7, 12]","[7, 10, 2, 4, 9, 1, 6, 5, 11, 3, 8, 12]",595000,0.00013017654418945312,0.9974922253640481
0,10,505,43512,24138,"[2, 9, 8, 5, 4, 11, 7, 6, 10, 1, 3, 12]","[7, 10, 2, 4, 9, 1, 6, 5, 11, 3, 8, 12]",595000,0.00016355514526367188,0.9850374381560401
0,10,506,52482,24138,"[2, 9, 5, 8, 4, 11, 7, 6, 10, 1, 3, 12]","[7, 10, 2, 4, 9, 1, 6, 5, 11, 3, 8, 12]",595000,0.00019502639770507812,
0,10,507,48402,24138,"[2, 9, 1, 10, 6, 7, 11, 4, 8, 5, 3, 12]","[7, 10, 2, 4, 9, 1, 6, 5, 11, 3, 8, 12]",595000,0.00022745132446289062,0.9958272177458611
0,10,508,50890,24138,"[2, 9, 1, 10, 6, 7, 11, 12, 3, 5, 8, 4]","[7, 10, 2, 4, 9, 1, 6, 5, 11, 3, 8, 12]",595000,0.0002598762512207031,0.9997445704428115
0,10,509,51042,24138,"[2, 4, 8, 5, 3, 12, 11, 7, 6, 10, 1, 9]","[7, 10, 2, 4, 9, 1, 6, 5, 11, 3, 8, 12]",595000,0.0002918243408203125,
0,10,510,47766,24138,"[7, 11, 12, 3, 5, 8, 4, 2, 6, 10, 1, 9]","[7, 10, 2, 4, 9, 1, 6, 5, 11, 3, 8, 12]",595000,0.0003237724304199219,
0,10,511,39600,24138,"[7, 11, 10, 6, 2, 4, 8, 5, 3, 12, 1, 9]","[7, 10, 2, 4, 9, 1, 6, 5, 11, 3, 8, 12]",595000,0.0003561973571777344,0.9816692496593022
0,10,512,50608,24138,"[7, 11, 10, 6, 2, 4, 12, 3, 5, 8, 1, 9]","[7, 10, 2, 4, 9, 1, 6, 5, 11, 3, 8, 12]",595000,0.0003952980041503906,0.9922720322883138
0,10,513,55224,24138,"[5, 3, 12, 4, 2, 6, 10, 11, 7, 8, 1, 9]","[7, 10, 2, 4, 9, 1, 6, 5, 11, 3, 8, 12]",595000,0.0004279613494873047,
0,10,514,44308,24138,"[12, 3, 5, 4, 2, 6, 10, 11, 7, 8, 1, 9]","[7, 10, 2, 4, 9, 1, 6, 5, 11, 3, 8, 12]",595000,0.0004603862762451172,0.999207037250338
0,10,515,44780,24138,"[12, 3, 5, 11, 10, 6, 2, 4, 7, 8, 1, 9]","[7, 10, 2, 4, 9, 1, 6, 5, 11, 3, 8, 12]",595000,0.0004935264587402344,0.9789112583940981
0,10,516,57462,24138,"[7, 4, 2, 6, 10, 11, 5, 3, 12, 8, 1, 9]","[7, 10, 2, 4, 9, 1, 6, 5, 11, 3, 8, 12]",595000,0.0005254745483398438,
0,10,517,54700,24138,"[7, 4, 2, 6, 9, 1, 8, 12, 3, 5, 11, 10]","[7, 10, 2, 4, 9, 1, 6, 5, 11, 3, 8, 12]",595000,0.0005574226379394531,
0,10,518,45106,24138,"[7, 4, 2, 6, 9, 1, 10, 11, 5, 3, 12, 8]","[7, 10, 2, 4, 9, 1, 6, 5, 11, 3, 8, 12]",595000,0.0005900859832763672,0.9993783445683602
0,10,519,45476,24138,"[7, 4, 2, 8, 12, 3, 5, 11, 10, 1, 9, 6]","[7, 10, 2, 4, 9, 1, 6, 5, 11, 3, 8, 12]",595000,0.000621795654296875,
0,10,520,44778,24138,"[7, 4, 2, 8, 10, 11, 5, 3, 12, 1, 9, 6]","[7, 10, 2, 4, 9, 1, 6, 5, 11, 3, 8, 12]",595000,0.0006542205810546875,0.9908055550120803
0,10,521,50274,24138,"[7, 4, 2, 9, 1, 12, 3, 5, 11, 10, 8, 6]","[7, 10, 2, 4, 9, 1, 6, 5, 11, 3, 8, 12]",595000,0.0006873607635498047,
0,10,522,40874,24138,"[7, 4, 2, 9, 1, 8, 10, 11, 5, 3, 12, 6]","[7, 10, 2, 4, 9, 1, 6, 5, 11, 3, 8, 12]",595000,0.0007197856903076172,0.9928692428387806
0,10,523,45132,24138,"[7, 4, 2, 9, 12, 3, 5, 11, 10, 8, 1, 6]","[7, 10, 2, 4, 9, 1, 6, 5, 11, 3, 8, 12]",595000,0.0007517337799072266,
0,10,524,32634,24138,"[7, 4, 2, 9, 12, 3, 5, 11, 10, 8, 6, 1]","[7, 10, 2, 4, 9, 1, 6, 5, 11, 3, 8, 12]",595000,0.0007843971252441406,0.9990055368233833
0,10,525,33226,24138,"[7, 4, 6, 8, 10, 11, 5, 3, 12, 9, 2, 1]","[7, 10, 2, 4, 9, 1, 6, 5, 11, 3, 8, 12]",595000,0.0008170604705810547,0.9647440586918795
0,10,526,54582,24138,"[3, 5, 11, 10, 8, 6, 4, 7, 12, 9, 2, 1]","[7, 10, 2, 4, 9, 1, 6, 5, 11, 3, 8, 12]",595000,0.0008490085601806641,
0,10,527,42676,24138,"[3, 5, 11, 10, 8, 2, 9, 12, 7, 4, 6, 1]","[7, 10, 2, 4, 9, 1, 6, 5, 11, 3, 8, 12]",595000,0.0008833408355712891,0.9816791488949251
0,10,528,53678,24138,"[3, 5, 10, 11, 8, 2, 9, 12, 7, 4, 6, 1]","[7, 10, 2, 4, 9, 1, 6, 5, 11, 3, 8, 12]",595000,0.0009179115295410156,0.994479161698361
0,10,529,56972,24138,"[3, 5, 10, 11, 4, 7, 12, 9, 2, 8, 6, 1]","[7, 10, 2, 4, 9, 1, 6, 5, 11, 3, 8, 12]",595000,0.000949859619140625,
0,10,530,29098,24138,"[3, 5, 2, 9, 12, 7, 4, 11, 10, 8, 6, 1]","[7, 10, 2, 4, 9, 1, 6, 5, 11, 3, 8, 12]",595000,0.000982046127319336,
0,10,531,25630,24138,"[3, 5, 2, 1, 6, 8, 10, 11, 4, 7, 12, 9]","[7, 10, 2, 4, 9, 1, 6, 5, 11, 3, 8, 12]",595000,0.0010149478912353516,0.9722772430522334
0,10,532,42358,24138,"[3, 8, 6, 1, 2, 5, 10, 11, 4, 7, 12, 9]","[7, 10, 2, 4, 9, 1, 6, 5, 11, 3, 8, 12]",595000,0.0010478496551513672,0.9889788301062254
0,10,533,48952,24138,"[1, 6, 8, 3, 2, 5, 10, 11, 4, 7, 12, 9]","[7, 10, 2, 4, 9, 1, 6, 5, 11, 3, 8, 12]",595000,0.0010807514190673828,0.9981630338292692
0,10,534,50046,24138,"[1, 6, 8, 3, 2, 4, 11, 10, 5, 7, 12, 9]","[7, 10, 2, 4, 9, 1, 6, 5, 11, 3, 8, 12]",595000,0.0011124610900878906,
0,10,535,31792,24138,"[1, 12, 7, 5, 10, 11, 4, 2, 3, 8, 6, 9]","[7, 10, 2, 4, 9, 1, 6, 5, 11, 3, 8, 12]",595000,0.0011453628540039062,0.9667014725685515
0,10,536,51942,24138,"[1, 12, 7, 9, 6, 8, 3, 2, 4, 11, 10, 5]","[7, 10, 2, 4, 9, 1, 6, 5, 11, 3, 8, 12]",595000,0.0011777877807617188,0.9806567554910319
0,10,537,63564,24138,"[1, 5, 10, 11, 4, 2, 3, 8, 6, 9, 7, 12]","[7, 10, 2, 4, 9, 1, 6, 5, 11, 3, 8, 12]",595000,0.0012097358703613281,
0,10,538,51282,24138,"[6, 8, 3, 2, 4, 11, 10, 5, 1, 9, 7, 12]","[7, 10, 2, 4, 9, 1, 6, 5, 11, 3, 8, 12]",595000,0.0012421607971191406,
0,10,539,39320,24138,"[6, 8, 3, 2, 5, 10, 11, 4, 1, 9, 7, 12]","[7, 10, 2, 4, 9, 1, 6, 5, 11, 3, 8, 12]",595000,0.0012738704681396484,
0,10,540,35706,24138,"[6, 12, 7, 9, 1, 4, 11, 10, 5, 2, 3, 8]","[7, 10, 2, 4, 9, 1, 6, 5, 11, 3, 8, 12]",595000,0.001306295394897461,0.9775926735908347
0,10,541,49190,24138,"[6, 12, 7, 9, 1, 4, 11, 10, 2, 5, 3, 8]","[7, 10, 2, 4, 9, 1, 6, 5, 11, 3, 8, 12]",595000,0.0013382434844970703,
0,10,542,43726,24138,"[5, 2, 10, 11, 4, 1, 9, 7, 12, 6, 3, 8]","[7, 10, 2, 4, 9, 1, 6, 5, 11, 3, 8, 12]",595000,0.001371145248413086,0.9712058776757185
0,10,543,61110,24138,"[2, 5, 10, 11, 4, 1, 9, 7, 12, 6, 3, 8]","[7, 10, 2, 4, 9, 1, 6, 5, 11, 3, 8, 12]",595000,0.0014035701751708984,0.9949305403625116
0,10,544,64134,24138,"[2, 3, 6, 12, 7, 9, 1, 4, 11, 10, 5, 8]","[7, 10, 2, 4, 9, 1, 6, 5, 11, 3, 8, 12]",595000,0.0014355182647705078,
0,10,545,45280,24138,"[2, 3, 6, 12, 7, 11, 4, 1, 9, 10, 5, 8]","[7, 10, 2, 4, 9, 1, 6, 5, 11, 3, 8, 12]",595000,0.0014681816101074219,
0,10,546,39606,24138,"[2, 3, 6, 4, 1, 9, 10, 5, 8, 11, 7, 12]","[7, 10, 2, 4, 9, 1, 6, 5, 11, 3, 8, 12]",595000,0.001500844955444336,0.976801062053805
0,10,547,39606,24138,"[2, 3, 6, 4, 1, 9, 10, 5, 8, 11, 7, 12]","[7, 10, 2, 4, 9, 1, 6, 5, 11, 3, 8, 12]",595000,0.0015337467193603516,0.9939778700203123
0,10,548,43200,24138,"[2, 3, 6, 4, 11, 8, 5, 10, 9, 1, 7, 12]","[7, 10, 2, 4, 9, 1, 6, 5, 11, 3, 8, 12]",595000,0.001566171646118164,0.9856700517991533
0,10,549,51788,24138,"[2, 4, 6, 3, 11, 8, 5, 10, 9, 1, 7, 12]","[7, 10, 2, 4, 9, 1, 6, 5, 11, 3, 8, 12]",595000,0.0015976428985595703,
0,10,550,42120,24138,"[2, 4, 6, 12, 7, 1, 9, 10, 5, 8, 11, 3]","[7, 10, 2, 4, 9, 1, 6, 5, 11, 3, 8, 12]",595000,0.0016293525695800781,
0,10,551,27572,24138,"[2, 4, 6, 12, 11, 8, 5, 10, 9, 1, 7, 3]","[7, 10, 2, 4, 9, 1, 6, 5, 11, 3, 8, 12]",595000,0.0016622543334960938,0.983644471860573
0,10,552,37384,24138,"[2, 10, 5, 8, 11, 12, 6, 4, 9, 1, 7, 3]","[7, 10, 2, 4, 9, 1, 6, 5, 11, 3, 8, 12]",595000,0.0016949176788330078,0.9747085198083371
0,10,553,52626,24138,"[2, 10, 5, 8, 11, 12, 6, 4, 7, 1, 9, 3]","[7, 10, 2, 4, 9, 1, 6, 5, 11, 3, 8, 12]",595000,0.0017271041870117188,0.9999865547122374
0,10,554,52634,24138,"[2, 9, 1, 7, 4, 6, 12, 11, 8, 5, 10, 3]","[7, 10, 2, 4, 9, 1, 6, 5, 11, 3, 8, 12]",595000,0.0017588138580322266,
0,10,555,27016,24138,"[2, 5, 8, 11, 12, 6, 4, 7, 1, 9, 10, 3]","[7, 10, 2, 4, 9, 1, 6, 5, 11, 3, 8, 12]",595000,0.0017914772033691406,0.956551960437383
0,10,556,53446,24138,"[10, 9, 1, 7, 4, 6, 12, 11, 8, 5, 2, 3]","[7, 10, 2, 4, 9, 1, 6, 5, 11, 3, 8, 12]",595000,0.0018231868743896484,
0,10,557,35928,24138,"[12, 6, 4, 7, 1, 9, 10, 11, 8, 5, 2, 3]","[7, 10, 2, 4, 9, 1, 6, 5, 11, 3, 8, 12]",595000,0.0018548965454101562,
0,10,558,35364,24138,"[12, 6, 9, 1, 7, 4, 10, 11, 8, 5, 2, 3]","[7, 10, 2, 4, 9, 1, 6, 5, 11, 3, 8, 12]",595000,0.001886606216430664,
0,10,559,27324,24138,"[1, 9, 6, 12, 7, 4, 10, 11, 8, 5, 2, 3]","[7, 10, 2, 4, 9, 1, 6, 5, 11, 3, 8, 12]",595000,0.0019192695617675781,0.984815622770285
0,10,560,36428,24138,"[1, 9, 6, 3, 2, 5, 8, 11, 10, 4, 7, 12]","[7, 10, 2, 4, 9, 1, 6, 5, 11, 3, 8, 12]",595000,0.0019516944885253906,0.9652176291133321
0,10,561,57492,24138,"[1, 9, 6, 3, 2, 10, 11, 8, 5, 4, 7, 12]","[7, 10, 2, 4, 9, 1, 6, 5, 11, 3, 8, 12]",595000,0.001984119415283203,
0,10,562,48556,24138,"[1, 9, 6, 3, 4, 5, 8, 11, 10, 2, 7, 12]","[7, 10, 2, 4, 9, 1, 6, 5, 11, 3, 8, 12]",595000,0.0020198822021484375,0.9890320203139551
0,10,563,55118,24138,"[1, 10, 11, 8, 5, 4, 3, 6, 9, 2, 7, 12]","[7, 10, 2, 4, 9, 1, 6, 5, 11, 3, 8, 12]",595000,0.0020689964294433594,
0,10,564,37778,24138,"[1, 6, 3, 4, 5, 8, 11, 10, 9, 2, 7, 12]","[7, 10, 2, 4, 9, 1, 6, 5, 11, 3, 8, 12]",595000,0.0021271705627441406,0.9829999413616685
0,10,565,47980,24138,"[7, 2, 9, 10, 11, 8, 5, 4, 3, 6, 1, 12]","[7, 10, 2, 4, 9, 1, 6, 5, 11, 3, 8, 12]",595000,0.0021855831146240234,
0,10,566,38370,24138,"[7, 2, 9, 10, 11, 4, 5, 8, 3, 6, 1, 12]","[7, 10, 2, 4, 9, 1, 6, 5, 11, 3, 8, 12]",595000,0.0022461414337158203,0.9986194412441948
0,10,567,39192,24138,"[11, 10, 9, 2, 7, 4, 5, 8, 3, 6, 1, 12]","[7, 10, 2, 4, 9, 1, 6, 5, 11, 3, 8, 12]",595000,0.0022897720336914062,0.978888225458995
0,10,568,51888,24138,"[11, 10, 1, 6, 3, 8, 5, 4, 7, 2, 9, 12]","[7, 10, 2, 4, 9, 1, 6, 5, 11, 3, 8, 12]",595000,0.002323150634765625,
0,10,569,35756,24138,"[4, 5, 8, 3, 6, 1, 10, 11, 7, 2, 9, 12]","[7, 10, 2, 4, 9, 1, 6, 5, 11, 3, 8, 12]",595000,0.0023565292358398438,0.9748592426938774
0,10,570,50906,24138,"[4, 5, 8, 12, 9, 2, 7, 11, 10, 1, 6, 3]","[7, 10, 2, 4, 9, 1, 6, 5, 11, 3, 8, 12]",595000,0.0023894309997558594,0.9826563644646532
0,10,571,61316,24138,"[4, 5, 8, 12, 9, 3, 6, 1, 10, 11, 7, 2]","[7, 10, 2, 4, 9, 1, 6, 5, 11, 3, 8, 12]",595000,0.0024213790893554688,
0,10,572,45778,24138,"[4, 5, 8, 12, 9, 6, 3, 1, 10, 11, 7, 2]","[7, 10, 2, 4, 9, 1, 6, 5, 11, 3, 8, 12]",595000,0.0024542808532714844,0.9832312626787236
0,10,573,55840,24138,"[4, 5, 8, 12, 9, 6, 3, 2, 7, 11, 10, 1]","[7, 10, 2, 4, 9, 1, 6, 5, 11, 3, 8, 12]",595000,0.0024869441986083984,0.9909887460814075
0,10,574,61226,24138,"[4, 10, 11, 7, 2, 3, 6, 9, 12, 8, 5, 1]","[7, 10, 2, 4, 9, 1, 6, 5, 11, 3, 8, 12]",595000,0.0025186538696289062,
0,10,575,42608,24138,"[5, 8, 12, 9, 6, 3, 2, 7, 11, 10, 4, 1]","[7, 10, 2, 4, 9, 1, 6, 5, 11, 3, 8, 12]",595000,0.002550840377807617,
0,10,576,37834,24138,"[5, 1, 4, 10, 11, 7, 2, 3, 6, 9, 12, 8]","[7, 10, 2, 4, 9, 1, 6, 5, 11, 3, 8, 12]",595000,0.002582550048828125,
0,10,577,36390,24138,"[5, 9, 6, 3, 2, 7, 11, 10, 4, 1, 12, 8]","[7, 10, 2, 4, 9, 1, 6, 5, 11, 3, 8, 12]",595000,0.0026149749755859375,0.9908655047247936
0,10,578,41850,24138,"[5, 9, 6, 3, 1, 4, 10, 11, 7, 2, 12, 8]","[7, 10, 2, 4, 9, 1, 6, 5, 11, 3, 8, 12]",595000,0.002647876739501953,0.9814481927381515
0,10,579,52992,24138,"[5, 9, 6, 1, 3, 4, 10, 11, 7, 2, 12, 8]","[7, 10, 2, 4, 9, 1, 6, 5, 11, 3, 8, 12]",595000,0.0026793479919433594,
0,10,580,51032,24138,"[5, 8, 12, 2, 7, 11, 10, 4, 3, 1, 6, 9]","[7, 10, 2, 4, 9, 1, 6, 5, 11, 3, 8, 12]",595000,0.0027115345001220703,
0,10,581,37714,24138,"[5, 8, 12, 11, 7, 2, 10, 4, 3, 1, 6, 9]","[7, 10, 2, 4, 9, 1, 6, 5, 11, 3, 8, 12]",595000,0.0027441978454589844,0.9879455134426071
0,10,582,44930,24138,"[6, 1, 3, 4, 10, 2, 7, 11, 12, 8, 5, 9]","[7, 10, 2, 4, 9, 1, 6, 5, 11, 3, 8, 12]",595000,0.0027763843536376953,
0,10,583,41792,24138,"[6, 2, 10, 4, 3, 1, 7, 11, 12, 8, 5, 9]","[7, 10, 2, 4, 9, 1, 6, 5, 11, 3, 8, 12]",595000,0.0028083324432373047,
0,10,584,40296,24138,"[1, 3, 4, 10, 2, 6, 7, 11, 12, 8, 5, 9]","[7, 10, 2, 4, 9, 1, 6, 5, 11, 3, 8, 12]",595000,0.0028405189514160156,0.9898435255343255
0,10,585,46370,24138,"[1, 3, 4, 10, 2, 6, 7, 11, 12, 8, 9, 5]","[7, 10, 2, 4, 9, 1, 6, 5, 11, 3, 8, 12]",595000,0.002873659133911133,
0,10,586,42766,24138,"[1, 3, 4, 12, 11, 7, 6, 2, 10, 8, 9, 5]","[7, 10, 2, 4, 9, 1, 6, 5, 11, 3, 8, 12]",595000,0.0029087066650390625,0.9856369205895364
0,10,587,51374,24138,"[1, 3, 8, 10, 2, 6, 7, 11, 12, 4, 9, 5]","[7, 10, 2, 4, 9, 1, 6, 5, 11, 3, 8, 12]",595000,0.0029413700103759766,0.9888159528891706
0,10,588,58066,24138,"[1, 11, 7, 6, 2, 10, 8, 3, 12, 4, 9, 5]","[7, 10, 2, 4, 9, 1, 6, 5, 11, 3, 8, 12]",595000,0.0029730796813964844,
0,10,589,46360,24138,"[1, 11, 7, 6, 2, 4, 12, 3, 8, 10, 9, 5]","[7, 10, 2, 4, 9, 1, 6, 5, 11, 3, 8, 12]",595000,0.0030045509338378906,
0,10,590,46144,24138,"[7, 11, 1, 6, 2, 4, 12, 3, 8, 10, 9, 5]","[7, 10, 2, 4, 9, 1, 6, 5, 11, 3, 8, 12]",595000,0.0030372142791748047,0.9911719710211221
0,10,591,51420,24138,"[7, 11, 1, 10, 8, 3, 12, 4, 2, 6, 9, 5]","[7, 10, 2, 4, 9, 1, 6, 5, 11, 3, 8, 12]",595000,0.003069162368774414,
0,10,592,42396,24138,"[7, 11, 1, 10, 8, 3, 5, 9, 6, 2, 4, 12]","[7, 10, 2, 4, 9, 1, 6, 5, 11, 3, 8, 12]",595000,0.003101348876953125,0.998518745201266
0,10,593,43278,24138,"[7, 4, 2, 6, 9, 5, 3, 8, 10, 1, 11, 12]","[7, 10, 2, 4, 9, 1, 6, 5, 11, 3, 8, 12]",595000,0.003134012222290039,0.9778325829068146
0,10,594,56616,24138,"[7, 9, 6, 2, 4, 5, 3, 8, 10, 1, 11, 12]","[7, 10, 2, 4, 9, 1, 6, 5, 11, 3, 8, 12]",595000,0.00316619873046875,
0,10,595,51386,24138,"[7, 9, 6, 2, 11, 1, 10, 8, 3, 5, 4, 12]","[7, 10, 2, 4, 9, 1, 6, 5, 11, 3, 8, 12]",595000,0.003197908401489258,
0,10,596,45406,24138,"[7, 9, 6, 2, 1, 11, 10, 8, 3, 5, 4, 12]","[7, 10, 2, 4, 9, 1, 6, 5, 11, 3, 8, 12]",595000,0.003229379653930664,
0,10,597,34324,24138,"[7, 9, 6, 2, 1, 3, 8, 10, 11, 5, 4, 12]","[7, 10, 2, 4, 9, 1, 6, 5, 11, 3, 8, 12]",595000,0.0032618045806884766,0.9907489391694049
0,10,598,39854,24138,"[7, 3, 1, 2, 6, 9, 8, 10, 11, 5, 4, 12]","[7, 10, 2, 4, 9, 1, 6, 5, 11, 3, 8, 12]",595000,0.0032944679260253906,0.9873479456916867
0,10,599,47430,24138,"[7, 3, 1, 12, 4, 5, 11, 10, 8, 9, 6, 2]","[7, 10, 2, 4, 9, 1, 6, 5, 11, 3, 8, 12]",595000,0.003329753875732422,
0,10,600,39100,24138,"[7, 3, 1, 12, 4, 5, 11, 10, 8, 2, 6, 9]","[7, 10, 2, 4, 9, 1, 6, 5, 11, 3, 8, 12]",595000,0.0033621788024902344,
